0,등장빈도
등,54
체험,42
공연,37
프로그램,30
전시,29
운영,25
개,25
문화,24
거리,15
행사,15
주제,14
콘서트,12
체험프로그램,12
참여,11
테마,11
대회,11
여,10
문화공연,10
전,9
폐막,9
음악회,8
분야,8
퍼레이드,8
개폐막,7
기타,7
부스,7
이벤트,7
시민,6
식,6
예술,6
마켓,6
행렬,6
음식,6
주민,6
주제공연,6
개막,6
축제,5
레,5
부대행사,5
이드,5
관련,5
존,5
체험부스,5
전통,5
체험행사,4
10,4
청소년,4
레이드,4
4,4
30,4
사진,4
먹거리,4
전국,4
세계,4
관,4
포토,4
동,4
부,4
무대,4
독서,3
도서관,3
학술,3
초청,3
개막식,3
예정,3
교육,3
국악,3
월,3
페스티벌,3
그리기,3
그림,3
특별,3
길,3
대행사,3
나눔,3
공모전,3
포토존,3
경연,3
축하,3
속,3
날,3
판매,3
작가,3
20,3
먹거리장터,3
부대,3
30여개,3
3,3
4개,3
메인,3
6,3
어가행렬,3
어가,3
지역,3
ㅇ,3
재현,3
할인,3
뮤지컬,3
각종,3
창작,3
장터,3
책,3
동아리,3
야외,3
야간,3
전야제,2
제향,2
국내,2
국내외,2
백제,2
서울,2
유산,2
몽,2
전문,2
조선,2
기원,2
별,2
주제별,2
전시회,2
특별전,2
그림그리기,2
음악,2
마라톤,2
주제전시,2
탐방,2
도심속,2
도심,2
사랑,2
장,2
장미,2
동화,2
도서,2
등등,2
대표,2
추수,2
대전,2
추진,2
진경,2
축하공연,2
달,2
이웃,2
북,2
노,2
크리스마스,2
마당,2
작품,2
내,2
중심,2
글짓기,2
점등,2
거리공연,2
공예,2
공식,2
홍,2
공모,2
공동체,2
형,2
요리,2
외,2
풍물,2
3개,2
현대,2
40,2
역사,2
경연대회,2
5,2
5월,2
해외,2
수변,2
수변무대,2
6개,2
80,2
80여개,2
시연,2
시민참여,2
한방,2
할머니,2
한지공예,2
한지,2
개최,2
개막공연,2
아트,2
한성,2
화합,2
광장,2
10개,2
페이스,2
페인팅,2
구민,2
14,2
14개,2
퍼포먼스,2
교육행사,2
국가,2
관광,2
20여개,2
관내,2
폐막식,2
장미풀장,1
재능나눔사진관,1
열린서재,1
저자,1
연,1
저,1
야간동물원,1
연극,1
연꽃,1
재료,1
장미가요제,1
연꽃퍼포먼스,1
연인,1
재능,1
전통국악공연,1
전통를,1
전통국악,1
전통명가전,1
전통문화,1
장식,1
전통음식체험,1
열린,1
연꽃페이스페인팅,1
재,1
역사콘서트,1
야경,1
어린이,1
약초,1
전문가,1
약초체험,1
전당구간,1
전시운영,1
전시행사,1
약,1
전당,1
전국학생그림그리기,1
전국학생,1
전국창작동요,1
장군,1
어린이날,1
역참,1
야행성,1
업체,1
여가,1
여가문화동아리,1
여행,1
야외전시,1
여행자,1
야외상영,1
전자,1
역사문화거리행렬,1
전자제품,1
전설,1
전국대학생토론대회,1
원,1
잡기,1
의식,1
음식전,1
우리,1
음악공연,1
음악제,1
요리사,1
응,1
응봉산,1
이동,1
이웃나라,1
요리대회,1
이벤트개최,1
왕자,1
이상,1
왕의,1
이성계,1
이야기,1
음료업체,1
음료,1
으랏,1
윤동주창작음악제,1
원지,1
워터슬라이드,1
유,1
워터,1
유적,1
유채꽃,1
워킹,1
유틍,1
전통음식축제,1
육의,1
육의전,1
우수상품,1
윤동주,1
우수,1
윤동주시화공모전,1
이용,1
이웃동네예술장,1
열무,1
임금,1
예술가,1
예능,1
일반인,1
영화제,1
영화,1
영장,1
영산재,1
자랑,1
이태준,1
원시,1
영등포관광정보센터,1
자제품,1
영등포관광그랜드세일,1
영등포,1
열전,1
잔치,1
예술체험,1
일렉트로닉,1
예술한마당,1
오색,1
인류,1
인류무형문화유산,1
인물,1
인왕산,1
올해,1
인왕산그리기,1
올빼미잔치,1
올빼미,1
옥,1
인월,1
오프닝,1
인의,1
인형극,1
일,1
오케스트라,1
-30,1
책방,1
전통탈,1
포맷하,1
풀장,1
풍,1
풍년,1
풍년기원,1
풍물전,1
풍물패,1
퓨,1
퓨전국악,1
프린지,1
프린팅,1
피,1
피워킹,1
피칭,1
피칭프로그램,1
하,1
학생,1
학술대회,1
학술토론회,1
학술행사,1
폰,1
포맷,1
한,1
평생학습동아리,1
투어,1
트래킹,1
트리,1
특구,1
특별행사,1
특정,1
특정주제,1
특화,1
틍,1
팀,1
파발,1
파트,1
파티,1
패밀리,1
패션쇼,1
페,1
페이스페인팅,1
편,1
평생,1
학습,1
한류,1
토론회,1
행길,1
행차,1
허,1
혁명,1
현대작가야외초대전,1
현장,1
현장체험,1
현전,1
협엽,1
협회,1
홍길,1
홍보관,1
홍보존,1
화합경연대회,1
활동,1
활어,1
활어맨손잡기,1
회,1
후크,1
후크선장,1
행복,1
해피할머니,1
한마당,1
해피,1
한마음,1
한방사랑,1
한방약,1
한방약선,1
한복,1
한복패션쇼,1
한성백제,1
한성백제인물열전,1
한성백제체험마을,1
한양,1
한용운,1
할아버지,1
할인전,1
합창,1
해,1
해설,1
해설코스,1
해외10개팀,1
해자,1
통를,1
토론,1
점등식,1
주민참여프린지공연,1
주민참여형퍼레이드,1
중년,1
중년부부,1
지,1
지구,1
지구여행자마켓,1
지구촌,1
지사,1
지역공동체,1
지역사회협엽,1
지역주민,1
직거래,1
진경대전,1
차,1
참여음악회,1
참여행사,1
창작뮤지컬,1
채화,1
천,1
주민참여형,1
주민참여프로그램,1
첨단,1
주민참여음악회,1
정,1
정동,1
정보,1
정보사,1
제원,1
제작,1
제천,1
제천의식,1
제품,1
조,1
조선무예,1
조선시대,1
조성,1
조지훈,1
종로,1
종로청계관광특구,1
종이컵,1
종이컵인형극,1
주도,1
천인,1
첫째,1
텔,1
친구,1
캐릭터,1
캠핑,1
컨퍼런스,1
코스,1
퀴즈,1
퀴즈대회,1
클래식,1
키즈,1
키즈존,1
타,1
타악관련,1
탈,1
탐험,1
태,1
태극기,1
태조,1
테마관,1
테마등,1
테마사진공모전,1
침,1
충무로뮤지컬영화제,1
첫째날,1
충무로,1
청,1
청계,1
청룡,1
청룡제향,1
청사초롱,1
청작,1
체험등,1
체험마당,1
체험존,1
체험프로그램운영,1
초대전,1
초청공연,1
촌,1
추수감사,1
추수체험,1
축하콘서트,1
출병,1
출판,1
춤,1
야간개방,1
수산물,1
암사동,1
노래,1
나루몽별,1
낙엽,1
낙엽거리,1
낙엽길,1
난장,1
낭독,1
네트워크,1
넥타이,1
넥타이마라톤,1
년대,1
노래자,1
달기,1
노래자랑,1
놀이,1
농사,1
농수산물,1
농수산물직거래,1
농업,1
능,1
능행길,1
니스,1
단,1
나루몽도서관,1
나루,1
나라,1
나눔존,1
국내40개팀,1
국내초청,1
군대,1
궁산,1
궁중,1
궁중음식,1
그랜드,1
그림책,1
글,1
글짓기대회,1
기념,1
기쁨,1
기원행사,1
기타행사,1
기획,1
김장,1
김장나눔,1
김장문화,1
김치,1
꽃밭,1
나,1
단풍,1
달팽이,1
국가별,1
등재,1
동요,1
동작,1
동작바다콘서트,1
동화세상,1
동화패밀리,1
둘,1
둘리,1
둘째,1
둘째날,1
등달기체험,1
디너쇼,1
대공원,1
디자이너,1
뜸,1
뜸체험,1
라,1
락,1
락페스티벌,1
레이,1
레이스,1
레포츠,1
로즈,1
동민,1
동물원,1
동명,1
동네요리사,1
대상,1
대왕,1
대장,1
대중,1
대중음악중심,1
대표프로그램,1
대학생,1
댄스,1
덕수궁,1
덕수궁길,1
도서교환,1
도서전시,1
도시,1
도시농업인의날,1
도어,1
도의,1
독립,1
독서가족,1
독서문화공연,1
독서문화체험,1
동네,1
국가사적,1
국가대표요리사,1
암사,1
가게,1
419풍물패,1
419혁명,1
4개분야,1
50,1
50여개,1
60,1
60년대,1
ㅇ독서,1
ㅇ독서문화활동,1
ㅇ책,1
가로수,1
개막점등식,1
가요제,1
가족,1
가족연극,1
감사,1
강감찬,1
강감찬서예대전,1
강감찬장군,1
강산,1
개나리,1
개나리사진,1
419,1
40여개,1
4.19,1
4.18,1
-6,1
-6개,1
10월,1
110,1
110개소,1
16,1
2.0,1
20일,1
21,1
21일,1
22,1
22일,1
24,1
24반,1
25,1
25편,1
30개,1
34,1
34회,1
3개테마,1
4.11,1
개나리음악회,1
개막행사,1
구연동화,1
관광객,1
고궁음악회,1
고려사,1
고택,1
고택공연,1
고품,1
고품격,1
골든,1
골든벨,1
공식행사,1
공중파,1
관광사진작품,1
개방,1
광장축제,1
광진,1
광진아트마켓,1
교육프로그램,1
교환,1
구간,1
구민노래자,1
구석구석,1
구성,1
구연,1
고궁,1
경매,1
겸재퍼포먼스,1
겸재,1
개소,1
거리가게,1
거리공연프로그램,1
거리댄스,1
거리예술,1
거리이벤트,1
거리재현페레,1
건강,1
건축,1
건축가,1
건축문화축제,1
건축문화투어,1
건축상,1
건축아카데미,1
건축전문,1
걷기,1
검무,1
격,1
결합,1
결혼식,1
겸,1
로즈마켓,1
리,1
링,1
세미나,1
성,1
성내,1
성내천,1
성북,1
성북진경콘서트,1
성제,1
세계문화유산,1
세계수산물,1
세계음식전,1
세계풍물전,1
세상,1
수,1
세일,1
세종,1
세종대왕,1
섹션,1
센터,1
셋째,1
셋째날,1
소,1
소개,1
소특구,1
설치,1
설정,1
선장,1
선사문화,1
상상속,1
상설,1
상설프로그램,1
상시,1
상영,1
상품,1
새해,1
새해농사,1
생신,1
생신연,1
생존,1
생존독립민주지사,1
서관,1
서예,1
서울광장,1
서울시,1
서재,1
서초,1
서초강산퍼레이드,1
선,1
선사,1
쇼,1
수라간,1
마을,1
아리랑,1
신,1
신기술,1
심야,1
심야상영,1
심포지엄,1
싸움,1
쓰기,1
아내,1
아동복,1
아동복할인행사,1
아웃,1
-30여개,1
아웃도어,1
아카데미,1
아트마켓,1
아티스트,1
악,1
안골,1
안전,1
안전체험,1
암벽,1
암벽체험행사,1
시화,1
시티,1
시설,1
시상식,1
수상,1
수상레포츠,1
수상작,1
수영장,1
수확,1
숙박,1
순례,1
순례길,1
스마트,1
스마트폰,1
스토리,1
스토리텔링,1
슬라이드,1
승전,1
승전행렬,1
시간,1
시간여행,1
시대,1
시민걷기대회,1
시민공모,1
시범,1
상상,1
상담,1
상가별,1
민요,1
문화탐방,1
문화행사,1
물총,1
물총결혼식,1
물총싸움,1
뮤직,1
뮤직파트,1
미,1
민속,1
민속놀이,1
민주,1
상가,1
바다,1
박물관,1
박스,1
박스원레이스,1
반,1
발견,1
발라드,1
발표,1
밸리,1
버블,1
문화예술협회,1
문화예술,1
문화시설,1
문학콘서트,1
만들기,1
매사냥,1
맨손,1
먹거리부스,1
메밀,1
메밀꽃밭,1
메인공연,1
메인공연부대공연,1
메인행사,1
메타,1
메타시티2.0,1
명가,1
모의,1
모의경매,1
몽도,1
몽촌해자,1
무료,1
무예,1
무용,1
무형,1
문학,1
버블파티,1
벚꽃,1
벚꽃주제,1
사,1
사냥체험,1
사냥행차,1
사생,1
사생대회,1
사업,1
사적,1
사전,1
사전프로그램,1
사진가,1
사진관,1
사진작가,1
사진전,1
사초롱,1
사회,1
산,1
산사,1
산사음악회,1
산상,1
산수,1
산수음악회,1
상,1
사냥,1
삐라,1
벨,1
빛,1
벼룩시장,1
변천사,1
별별,1
보,1
보감,1
보제원,1
보존,1
본무대,1
봄날,1
봉산,1
부부,1
부재료,1
북콘서트,1
북한,1
북한산,1
불,1
불꽃놀이,1
불꽃놀이콘서트,1
불채화식,1
비즈,1
비즈니스,1
흔적,1
