,0,1
0,서울국제빵과자페스티벌,"['[]', '[<dd>\xa0백운용\xa0기자\xa0=\xa0대구공업대학교(총장\xa0이별나)\xa0호텔외식조리계열\xa0창업동아리\xa0DECO(지도교수\xa0이경숙)는\xa0제19회\xa0<strong class=""hl"">서울국제빵</strong>·<strong class=""hl"">과자\xa0페스티벌</strong>\xa0제과부분에서\xa0전원\xa0수상하였다고\xa029일\xa0밝혔다. 이번대회에는...</dd>]', '[<dd>대구공업대학교 호텔외식조리계열이 제14회 <strong class=""hl"">서울국제빵</strong>·<strong class=""hl"">과자페스티벌</strong> 학생라이브케이크 부문에서 장관상을 비롯해 전원 수상했다. \xa0대구공업대학교(총장 이별나) 호텔외식조리계열이 20일부터 23일까지 열린 \'제14회...</dd>]', '[]', '[]', '[<dd><strong class=""hl"">서울국제빵과자페스티벌</strong>은 1983년부터 2019년까지 30년이 넘도록 지속되어 온 국내유일의 제과제빵 전문 전시회이다. 국내 최대의 제과제빵 및 식음료관련 전시회로 국내외 권위 있는 외식업체가 직접 참여하고 후원하며...</dd>]', '[<dd>갑자기 추워진 날씨에 달콤한 디저트와 따뜻한 차 한 잔이 간절해지기도 하는데요, 최근 제과 제빵의 트렌드와 최고급 디저트를 소개할 <strong class=""hl"">서울국제빵 과자페스티벌</strong>이 서울 코엑스에서 펼쳐졌습니다. 다양한 제과 제품들과...</dd>]', '[<dd><strong class=""hl"">서울국제빵과자페스티벌</strong>은 1983년부터 2019년까지 30년이 넘도록 지속되어 온 국내유일의 제과제빵 전문 전시회이다. 국내 최대의 제과제빵 및 식음료관련 전시회로 국내외 권위 있는 외식업체가 직접 참여하고...</dd>]', '[<dd>19일 코엑스 측에 따르면 올해로 19회를 맞이한 <strong class=""hl"">서울국제빵</strong>·<strong class=""hl"">과자페스티벌</strong>은 국내 유일의 제과제빵 전문전시회로 빵, 과자, 케이크뿐만 아니라 제과제빵용 기계, 재료 포장 등 관련 산업의 모든 아이템을 선보인다....</dd>]', '[<dd>올해로 19회를 맞이한 <strong class=""hl"">서울국제빵</strong>·<strong class=""hl"">과자페스티벌</strong>은 국내 유일의 제과제빵 전문전시회로 빵, 과자, 케이크뿐만 아니라 제과제빵용 기계, 재료 포장 등 관련 산업의 모든 아이템을 선보인다. 2019.11.20</dd>]']"
0,아르헨티나페스티발,"['[]', '[<dd>18일(현지시간) 오후 프랑스 칸 팔레 드 <strong class=""hl"">페스티발</strong>에서 \'제 72회 칸 국제영화제\'(Cannes Film Festival) ‘투 올드 투 다이 영’ 레드카펫 행사가 진행됐다. 임신중절합법화에 찬성하는 지지자들이 <strong class=""hl"">아르헨티나</strong> 임신중지...</dd>]', '[<dd>현지 6천명에 가까운 한인들이 살고 있으며, 이는 중남미 전체에서 브라질, <strong class=""hl"">아르헨티나</strong>, 멕시코에 이어... K-Pop <strong class=""hl"">페스티발</strong>과 한국영화 상영회를 열 계획입니다. 7월엔 우리 유명 국악단을 초청할 예정이며, 9월에 열리는...</dd>]', '[<dd>모드리치가 25일 오전 2시30분(한국시각) 영국 런던 로얄 <strong class=""hl"">페스티발</strong> 홀에서 펼쳐진 ‘FIFA 더 베스트 풋볼... 리오넬 메시(<strong class=""hl"">아르헨티나</strong> 주장)는 모드리치를 1순위로 꼽았다. 접전 끝에 모드리치는 이번에도 호날두...</dd>]', '[]', '[<dd>또 9월에는 <strong class=""hl"">아르헨티나</strong> 북쪽 미션(Mission) 포사다스(Posadas) 도시에서 국제 음악 <strong class=""hl"">페스티발</strong>(약 1000명 청소년) 초청으로 지휘하게 된다. 이어 10월엔 칠레 북쪽\xa0 오바예 도시에서 지휘 마스터클래스 교수로...</dd>]', '[<dd>2015년 준비 성격인 프레 <strong class=""hl"">페스티발</strong> 행사를 2016년 첫 회 연 충무로뮤지컬영화제는 접합이 쉽지 않은 영화와... 말아요 <strong class=""hl"">아르헨티나</strong>\' 에바 페론이 나오는 뮤지컬의 할리우드 버전 &lt;애비타&gt;, 라스 폰 트리에 감독의 &lt;어둠 속의...</dd>]', '[<dd>FIFA는 지난\xa025일\xa0영국 런던 로얄 <strong class=""hl"">페스티발</strong> 홀에서 더 베스트 풋볼 어워즈 2018을 개최했다. 가장 관심을... 앞서 <strong class=""hl"">아르헨티나</strong>의 주장인 메시가 올해의 선수상 투표에서 처음으로 호날두에게 표를 던져 화제가 됐다....</dd>]', '[<dd>◆라틴 푸드 페스티벌 가주 최대 규모의 히스패닉 푸드 <strong class=""hl"">페스티발</strong>이 18일(토)까지 엠바카데로 마리나 파크 노스에서 열린다. 올해 6회를 맞이하는 이 행사는 멕시코, <strong class=""hl"">아르헨티나</strong>, 칠레, 나파, 포르투갈, 스페인...</dd>]', '[<dd>그는 <strong class=""hl"">아르헨티나</strong> 출신의 여성화가 ‘레오노르 피니’(Leonor Fini. 1908~1996)의 삶을 노래한 ‘레오노르’... 산조 <strong class=""hl"">페스티발</strong>이 있었다. 시타 최는 공연에서 ‘산조와 재즈의 만남’을 통하여 동양의 전통과 서양의...</dd>]']"
0,한강홀릭,"['[]', '[<dd><strong class=""hl"">한강</strong>에서 최근 일상샷 \'시선강탈\' 정준의 소개팅녀로 방송에서 뜨겁게 핫이슈로 등극했던 김유지가 정준과... 송유지라는 예명으로 배우로 활동했다.2017년 종영한 MBC \'역도요정 김복주\'로 데뷔해 OCN \'멜로 <strong class=""hl"">홀릭</strong>\' 등에...</dd>]', '[<dd>VAV는 지난 18일 오후 서울 반포<strong class=""hl"">한강</strong>공원에 위치한 세빛섬 예빛무대에서 5th 미니앨범 \'포이즌(POISON)\' 컴백 기념 스페셜 버스킹을 개최했다. 이날 컴백에 임박한 VAV의 무대를 보고자 많은 팬들이 모였으며, 반포<strong class=""hl"">한강</strong>공...</dd>]', '[<dd>만명(<strong class=""hl"">한강</strong> 25만, 도심 5만)의 관람객들로 성황을 이루며 지난 29일 구리역 광장에서 대단원의 막을 내렸다. 이번 축제는 지난달 27일부터 29일까지 3일간에 걸쳐 코스모스는 <strong class=""hl"">한강</strong>에서, 축제는 갈매 애비뉴 앞 분수대...</dd>]', '[<dd>하차하거나 <strong class=""hl"">한강</strong>대교 보행길을 따라 10~15분 정도 걸으면 진입 가능하다. 이촌나루, 여의나루 등에서 수상택시를 이용할 수도 있다. EDITOR 김명희 기자 세상 모든 워커<strong class=""hl"">홀릭</strong>을 위한 노래 #TwoFive인기 여성 듀오...</dd>]', '[<dd>[3] <strong class=""hl"">한강</strong>지류 산책길을 걷다 미친 듯이 달려온 개한테 물렸던 재수 없는 경험을 가진 남자 C 씨는 키아누 리브스가 킬러로 나오는 영화 ‘존 윅’의 세 번째 시리즈 ‘존 윅 3: 파라벨 룸’(6월 개봉)을 보고 짐승처럼...</dd>]', '[<dd>안방극장을 <strong class=""hl"">홀릭</strong>시켰다. 지난 13일 밤 10시 방송된 TV CHOSUN 예능 프로그램 \'세상 어디에도 없는, 아내의 맛... 두 사람은 <strong class=""hl"">한강</strong> 뷰 집으로 돌아와 본격 셀프 인테리어를 시작했다. 제이쓴은 현관 옆 벽에 페인트를 칠하기 위해...</dd>]', '[]', '[]', '[]']"
0,그랜드케이팝페스티벌,"['[]', '[<dd>인터콘티넨탈호텔 <strong class=""hl"">그랜드</strong>볼룸에서 기자회견을 진행했다. 팀 킴 대표는 ""<strong class=""hl"">케이팝</strong>의 경쟁력은 나날이... 있는 <strong class=""hl"">페스티벌</strong>을 만든다는 계획이다. \'KAMP\'는 본무대인 \'KAMP Stage\'와 \'KAMP Grounds(캠프 그라운즈)\'로 구성되어...</dd>]', '[]', '[]', '[<dd>호텔 <strong class=""hl"">그랜드</strong>볼룸에서 열린 가운데, 주최사 AMP LIVE 팀 킴 대표가 참석해 이같이 말했다. 팀 킴 대표는... 이어 ""<strong class=""hl"">케이팝</strong>의 <strong class=""hl"">페스티벌</strong> 형태는 현재까지 보지 못했다고 생각한다. 전세계에 많은 <strong class=""hl"">페스티벌</strong>이 존재하지만 \'캠프...</dd>]', '[]', '[<dd>인터파크티켓 콘서트 순위에서 코요태 앞에는 \'창원 <strong class=""hl"">케이팝 페스티벌</strong>\' \'<strong class=""hl"">그랜드</strong>민드 <strong class=""hl"">페스티벌</strong>\'이 뒤로는 \'자라섬재즈<strong class=""hl"">페스티벌</strong>\'과 \'렛츠락 <strong class=""hl"">페스티벌</strong>\'이 위치해 있다. \'코요태 20th 이즈백\'은 코요태의 데뷔 20주년을...</dd>]', '[<dd>뷰어스 싱가포르= 8일 오후 4시 싱가포르 인터컨티넨탈 호텔 <strong class=""hl"">그랜드</strong>볼륨에서 열린 ‘KAMP SIGAPORE 2019’... 팀 킴 대표는 첫 회에 방탄소년단치 참여하지 않았는데 글로벌 대표 <strong class=""hl"">케이팝 페스티벌</strong>이 될 수 있냐는 질문에...</dd>]', '[<dd>이수만 총괄 프로듀서는 지난 5일 대구 <strong class=""hl"">그랜드</strong> 호텔에서 열린 2019 한국문화산업포럼 연단에 올라 ""1997년 해외... 특히 이번 2019 한국문화산업포럼이 대구국제뮤지컬<strong class=""hl"">페스티벌</strong>(DIMF)의 초청으로 이뤄진 만큼 이수만 총괄...</dd>]', '[<dd>음악매체 &lt;빌보드&gt;에서 <strong class=""hl"">케이팝</strong> 칼럼니스트로 활동하는 제프 벤자민은 2일 서울 한남동 <strong class=""hl"">그랜드</strong>하얏트서울호... 블랙핑크가 미국 코첼라 <strong class=""hl"">페스티벌</strong>에서 한 공연은 대단했어요. 앞으로 존재감이 더 커질 거예요. 있지(ITZY)...</dd>]']"
0,서리풀페스티벌,"['[]', '[<dd>이와 관련, 전희경 한국당 대변인은 전날 페이스북에 서초구청에서 <strong class=""hl"">서리풀페스티벌</strong>로 인해 촛불집회 참가자와 축제 참가자가 구분되지 않고 있다는 내용의 알림글을 게시하면서 ""대한민국에 정신나간 이들이 그리 많을...</dd>]', '[]', '[<dd>나중에 알고 보니 서초구 주최 ‘<strong class=""hl"">서리풀페스티벌</strong>\'의 폐막 행사로 열린 방송인 박명수의 ‘이디엠(EDM) 판타지’였습니다. 검찰 개혁을 요구하는 국민들의 함성 위로 터져오르는 불꽃놀이라니 기막힌 우연이요, 절묘한...</dd>]', '[<dd>서울 서초구(구청장 조은희)는 28일 반포대로에서 <strong class=""hl"">서리풀페스티벌</strong>의 대미를 장식할 1000명의 오케스트라, 한불음악축제, 일렉트로닉 댄스뮤직(EDM)파티 등의 폐막행사를 연다고 26일 밝혔다. 28일 오후 2시 1000명의...</dd>]', '[]', '[]', '[<dd>서초구는 28일 오후 2시부터 9시 30분까지 이어진 <strong class=""hl"">서리풀 페스티벌</strong>에 10만 명 가량이 참석했다고 추산했다. 이날 서리풀 페스티발 폐막행사가 열렸었다. 지난 21일 개막 이후 8일간 23개 프로그램 250여개 공연에서 총...</dd>]', '[<dd>서초구가 주최하고 서초문화재단이 주관하는 \'<strong class=""hl"">서리풀 페스티벌</strong>\'이 지난 21일부터 28일까지 흥미로운 프로그램들로 구민들과 함께 했다. 구민들이 직접 꾸미는 무대와 프로그램들은 서초구민뿐 아니라\xa0많은 시민들의...</dd>]', '[<dd>서울 서초구청은 ""어제 오후 2시부터 10시까지 서초역부터 서초3동 사거리까지 1km 구간에서 \'<strong class=""hl"">서리풀페스티벌</strong> 폐막 행사\'에 10만여 명이 참석했다""고 추산했습니다. 비슷한 시간대에 열린 제7차검찰개혁 촛불문화제는...</dd>]']"
0,대학로문화축제(SUAF),"['[]', '[<dd><strong class=""hl"">축제</strong> \'제16회 <strong class=""hl"">대학로문화축제</strong> <strong class=""hl"">SUAF</strong>(Seoul University-Avenue Festival)\'를 연다. <strong class=""hl"">축제</strong>는 23~ 24일 이틀간 마로니에 공원과 공원 인근 도로, <strong class=""hl"">대학로</strong> 일대에서 열린다. 2002년 1회를 시작으로 올해 16회째를 맞는 \'제16회...</dd>]', '[]', '[]', '[]', '[<dd>[<strong class=""hl"">문화</strong>뉴스 MHN 이현지 기자] 23일 오후 서울 종로구 <strong class=""hl"">대학로</strong>일대에서 \'16회 <strong class=""hl"">대학로문화축제</strong> <strong class=""hl"">SUAF</strong>\'가 열렸다. 이날 미디어후원사 <strong class=""hl"">문화</strong>뉴스 MHN 부스에서 시민들이\xa0캘리그라피\xa0행사에 참여하고 있다. \'제16회...</dd>]', '[]', '[]', '[]', '[]']"
0,궁중과사대부가의전통음식축제,"['[]', '[<dd>11일 서울 종로구 운현궁에서 열린 \'<strong class=""hl"">궁중과 사대부가의 전통음식축제</strong>\'에서 시민들이 1400년대부터 1900년대까지의 고조리서 속의 <strong class=""hl"">음식</strong>을 보고 있다. <strong class=""hl"">축제</strong>를 통해 옛날 책에 기록된 <strong class=""hl"">궁중</strong> <strong class=""hl"">음식</strong>과 1400년대부터...</dd>]', '[]', '[]', '[]', '[]', '[<dd>서울 종로구(구청장 김영종)는 11~12일 운현궁(삼일대로 464)에서 우리의 소중한 한식문화를 널리 알리고 보존·계승하기 위해 \'<strong class=""hl"">궁중과 사대부가의 전통음식축제</strong>\'를 개최한다고 7일 밝혔다. 2004년 시작돼 올해로 13회째를...</dd>]', '[]', '[]', '[]']"
0,ARKO한국창작음악제(국악부문),"['[]', '[<dd><strong class=""hl"">한국</strong>의 <strong class=""hl"">창작</strong>관현악의 산실 역할을 해오고 있다. 양악에서 <strong class=""hl"">국악</strong>을 망라한 대한민국 대표 <strong class=""hl"">창작음악제</strong>로 자리잡아 가고 있다. 또한 2020년 2월에는 제11회 <strong class=""hl"">ARKO한국창작음악제</strong> 양악<strong class=""hl"">부문</strong> 연주회가...</dd>]', '[]', '[]', '[<dd>\xa0<strong class=""hl"">한국</strong>문화예술위원회(위원장 박종관, 이하<strong class=""hl"">ARKO</strong>)와 <strong class=""hl"">한국창작음악제</strong>추진위원회(위원장 이건용, 이하 아.창.제)가 주최하는 대한민국의 대표적인 <strong class=""hl"">창작음악제</strong>인 <strong class=""hl"">ARKO한국창작음악제</strong> <strong class=""hl"">국악부문</strong> 연주회가 2019년 11월 15일(금)...</dd>]', '[]', '[]', '[]', '[<dd><strong class=""hl"">한국</strong>문화예술위원회(<strong class=""hl"">ARKO</strong>)와 <strong class=""hl"">한국창작음악제</strong>추진위원회가 주최하는 <strong class=""hl"">창작음악제</strong>인 \'<strong class=""hl"">ARKO한국창작음악제</strong> <strong class=""hl"">국악부문</strong> 연주회(이하 \'아창제\')\'가 오늘 17일 예술의전당 콘서트홀에서 개최될 예정이다. 이날 개최되는 제10회...</dd>]', '[]']"
0,대종상영화제(DaejongFilmFestival),"['[]', '[]', '[]', '[]', '[]', '[]', '[]', '[]', '[]', '[]']"
0,아트에디션,"['[]', '[<dd>주류유통전문기업 신세계 L&amp;B가 세 화백과 협업으로 ‘<strong class=""hl"">아트</strong> 앤 와인’ 프로젝트 와인 3종을 한정 수량으로 선보인 것. 이른바 한정판 <strong class=""hl"">에디션</strong>이었다. 당시 신세계 L&amp;B는 “각 화백의 작품과 잘 맞아떨어지는 와인을 고르기...</dd>]', '[<dd>최근 신라호텔 브랜드 파티에서 선보인 <strong class=""hl"">아트</strong>베딩 \'트라페즈 <strong class=""hl"">에디션</strong> 로열 네이비\'는 프라노 <strong class=""hl"">아트</strong>의 대가 박명선 아티스트와의 환상적인 콜라보를 통해 세상에 처음 선보여졌으며, 국내 최대 미술품 경매사 서울옥션의...</dd>]', '[<dd>▶▶ 이번 출품된 \'판타스마고릭 <strong class=""hl"">에디션</strong>1\'이 꽤 높은 가격에 팔렸다던데? ▷▷ 독일의 저명한 <strong class=""hl"">아트</strong>컬렉터인 \'히트임모빌리엔(hit-immobilien)\' 그룹에서 제 작품을 7만 유로(약 9천만 원)에 구입했어요. 사진 작업은 <strong class=""hl"">에디션</strong>...</dd>]', '[<dd>창작의 경험을 나누는 아이디어의 공간, ‘언리미티드 <strong class=""hl"">에디션</strong> 11 서울<strong class=""hl"">아트</strong>북페어 2019’에 다녀왔다. 풍부하게 준비된 즐길 거리 언리미티드 <strong class=""hl"">에디션</strong> 11 서울<strong class=""hl"">아트</strong>북페어 2019는 지난달 15일부터 17일까지 서울시립...</dd>]', '[<dd>2019AW <strong class=""hl"">에디션</strong>은 코리아(KOREA)”라고 27일 밝혔다. 유명 공간 디자이너 안나 번스(Anna Burns)가 한국의... 코이버드는 독창적이고 아방가르드한 스타일의 K-패션부터 K-뷰티, <strong class=""hl"">아트</strong>, 라이프스타일 등 다양한...</dd>]', '[<dd>특히 전시 프로그램의 일환으로 진행되는 \'주제관\' 코너에서 4인의 공동 <strong class=""hl"">아트</strong> 디렉터들이 협업해 관람객들에게 다채로운 공간을 선보인다. \'서울<strong class=""hl"">에디션</strong>(Seoul Edition)\'을 주제로 디자이너 소동호가 총괄기획하고...</dd>]', '[<dd>［메디컬투데이 김준수 기자］ 롯데칠성음료가 롯데뮤지엄에서 열리는 스누피 달착륙 50주년 기념 특별 전시 ‘투 더 문 위드 스누피(To the Moon with Snoopy)’와 연계한 ‘데일리C <strong class=""hl"">아트</strong>워터 스누피 <strong class=""hl"">에디션</strong>’을...</dd>]', '[]', '[]']"
0,허준축제,"['[]', '[<dd>강서구의 대표축제인 <strong class=""hl"">허준축제</strong>가 20회를 맞았습니다. 강서구는 지난 11일부터 13일까지 허준근린공원 일대에서 \'제20회 <strong class=""hl"">허준축제</strong>\'를 개최했습니다. 이번 축제에서는 동의보감을 바탕으로 한 오페라와 인기가수들의 공연...</dd>]', '[]', '[]', '[<dd>서울 강서구가 오는 11일부터 3일간 개최되는 ‘20회 <strong class=""hl"">허준축제</strong>’ 사진 공모전을 개최한다고 7일 밝혔다. 의성(醫聖) 허준이 나고 자라 주요 저서를 집필했던 한의학적 성지인 강서구에서 준비한 <strong class=""hl"">허준축제</strong>는 ‘허준과...</dd>]', '[]', '[]', '[]', '[]', '[<dd>강서구가 지난 13일 <strong class=""hl"">허준축제</strong>에서 \'제23회 구민상\'을 시상한 뒤 기념촬영 하고 있다. 사진=강서구 제공 \xa0강서구(구청장 노현송)가 지난 13일 <strong class=""hl"">허준축제</strong>에서 \'제23회 강서구민상\'을 시상했다고 15일 밝혔다. 올해 구민상...</dd>]']"
0,유러피언크리스마스마켓,"['[]', '[<dd>서울 \'<strong class=""hl"">유러피언 크리스마스마켓</strong>\' 포스터 같은 주말, 서울에서는 \'제 10회 <strong class=""hl"">유러피언 크리스마스마켓</strong>\'이 개최된다. 서울 성북구(한성대입구역 2번 출구 앞 성북천분수마루)에서 열리는 이번 행사는 크리스마스의 유래지인...</dd>]', '[<dd>지난 \'2017 <strong class=""hl"">유러피언 크리스마스 마켓</strong>\' 모습 [사진_성북구청 제공] 이승로 성북구청장은 ""40여개의 대사관저와 1만 여명의 외국인이 거주하고 있는 글로벌도시 성북에서 개최하는 <strong class=""hl"">유러피언크리스마스마켓</strong>은 세계인이 함께...</dd>]', '[]', '[]', '[]', '[]', '[<dd>크리스마스 전통 음식과 특별한 공연이 함께하는 ‘<strong class=""hl"">유러피언 크리스마스 마켓</strong>’이 열립니다. 이밖에 다가온 겨울을 만끽할 수 있는 전국의 축제와 공연 소식까지 지금 바로 만나보시죠.</dd>]', '[<dd>외국인 주민들에게 한국 문화에 대해서 알리는 사직대제나 서울 아리랑 페스티벌이 있을 뿐만 아니라 한국인 주민과 문화교류도 할 수 있고 고향 냄새가 묻어있는 라틴아메리카 축제나 <strong class=""hl"">유러피언 크리스마스 마켓</strong>까지...</dd>]', '[<dd>서울 성북구는 오는 12월 8~9일 이틀간 성북천 분수 마루에서 ‘2018 <strong class=""hl"">유러피언 크리스마스 마켓</strong>’을 개최한다고 30일 밝혔다. 2010년 첫 개최 이후 아홉 번째를 맞이한 ‘<strong class=""hl"">유러피언 크리스마스 마켓</strong>’은 유럽 정통...</dd>]']"
0,서울디자인페스티벌,"['[]', '[<dd>예술경영지원센터가 ‘아트 굿즈 편의점’을 국내 디자이너들의 세계 진출을 돕는 ‘2019 <strong class=""hl"">서울 디자인페스티벌</strong>’을 통해 선보인다고 28일 밝혔다. 예술경영지원센터는 ‘아트 굿즈 편의점’의 <strong class=""hl"">서울 디자인페스티벌</strong>...</dd>]', '[]', '[<dd>오는 12월 4일부터 8일까지 <strong class=""hl"">서울</strong> 코엑스 <strong class=""hl"">디자인페스티벌</strong>에서 닥터그램의 무니켈, 무압박, 안티알러지의 기술이 접목된 ▲BS-0171 ▲DH-0171 ▲NH-0171 ▲D1-0171 총 4개의 제품과 추가로 개발된 와이어 안경테 도 함께 만날 수...</dd>]', '[<dd>한편, \'제 18회 <strong class=""hl"">서울디자인페스티벌</strong>\'은 내달 4일부터 서울 코엑스 C홀에서 개최될 예정이며, \'디자이너 프로모션\'을 모토로 디자이너, 디자인 브랜드, 기업들과 함께 국내외 디자인 동향을 선보이며 국내 디자인 경쟁력을...</dd>]', '[]', '[]', '[<dd>10년 후 미래 논의 유명 창업가·전문가 참여 글로벌 스타트업 <strong class=""hl"">페스티벌</strong>(K-Startup Week ComeUp 2019)이 28일 <strong class=""hl"">서울</strong> 동대문<strong class=""hl"">디자인</strong>플라자(DDP)에서 열렸다. 컴업(ComeUp) 2019는 국내 스타트업과 글로벌 투자자, 기업간 교류...</dd>]', '[]', '[]']"
0,서울마을미디어축제,"['[]', '[<dd>만든 <strong class=""hl"">미디어</strong> 활동 결과물을 나누는 <strong class=""hl"">축제</strong>다. 대구센터는 올 해 시민을 대상으로 영상제작, 영화상영회... 또 \'2019년 <strong class=""hl"">마을미디어</strong>매니저 양성과정\'을 통해 만들어진 \'2020년 대구 <strong class=""hl"">마을미디어</strong> 활동 우수 기획안\' 시상식도...</dd>]', '[<dd>동화<strong class=""hl"">축제</strong>’가 내년 4월 30일까지 열린다. 이 기간 43만 ㎡ 곳곳이 LED 등으로 꾸며진다. 베네치아 풍 <strong class=""hl"">마을</strong> 등... ‘트리 <strong class=""hl"">축제</strong>’도 내년 1월 5일까지 계속된다. 12월 2일 <strong class=""hl"">서울</strong> 명동에는 정글짐 모양의 ‘<strong class=""hl"">미디어</strong>아트 트리’가...</dd>]', '[<dd>이에 매경<strong class=""hl"">미디어</strong>그룹에서는 최근 노인복지의 선진 사례로 꼽히는 네덜란드 요양현장 시찰단을 모집해... 함께 <strong class=""hl"">축제</strong>의 장을 만들어가는 프로그램들 또한 인상적이었다. 호그벡 <strong class=""hl"">마을</strong>에선 치매환자들도 직접 물건을 고르고...</dd>]', '[<dd><strong class=""hl"">서울</strong> 영등포구는 19일(토) 오전 11시부터 오후 4시까지 선유도역부터 선유도공원까지 300m 구간 거리에서 <strong class=""hl"">마을</strong><strong class=""hl"">축제</strong>\'시월의 선유\'를 개최한다. 2016년\'오월의 선유\'를 시작으로 4년째 열리는 이번 행사는 주민들로 구성된...</dd>]', '[]', '[]', '[]', '[<dd>4일간 <strong class=""hl"">서울</strong>남산한옥<strong class=""hl"">마을</strong>에서 다시 열린다. <strong class=""hl"">축제</strong>에 참여예정이었던 ‘철판요리집 효’도 다시 개최되는... MBN에서 주최하며 건강의료전문<strong class=""hl"">미디어</strong> 매경헬스가 주관하는 ‘제 4회 남산 한국의 맛 <strong class=""hl"">축제</strong>’는 오는 10월 31일(목)...</dd>]', '[<dd>맛 <strong class=""hl"">축제</strong>’가 컴백해 이번 주 10월 31일부터 4일간 <strong class=""hl"">서울</strong>남산한옥<strong class=""hl"">마을</strong>에서 열린다. 부대행사인 \'K-FOOD 도전... MBN이 주최하고 건강의료전문<strong class=""hl"">미디어</strong> 매경헬스가 주관하는 ‘제 4회 남산 한국의 맛 <strong class=""hl"">축제</strong>’에서는 ‘한국의...</dd>]']"
0,서울와우북페스티벌,"['[]', '[<dd>(사)와우책문화예술센터(대표: 이채관)는 2019년 10월 3일(목)부터 6일(일)까지 4일 간 홍대주차장거리 및 주변 공간에서 제15회 <strong class=""hl"">서울와우북페스티벌</strong>을 진행한다. 제15회 <strong class=""hl"">서울와우북페스티벌</strong>의 주제는 \'깊게, 느리게, 풍부하게...</dd>]', '[<dd>와우책문화예술센터는 오는 10월 3일부터 6일까지 홍대주차장거리 및 주변 공간에서 제15회 <strong class=""hl"">서울와우북페스티벌</strong>을 진행한다. ‘깊게, 느리게, 풍부하게’ 주제의 제15회 <strong class=""hl"">서울와우북페스티벌</strong>은 동시대 독자들의 관심사 및...</dd>]', '[<dd>이로운넷=박재하 사진 기자 \'2019 제15회 <strong class=""hl"">서울와우북페스티벌</strong>\'이 10월 3일 강연 프로그램을 시작으로 화려한 막이 올랐다. 4일부터는 홍대주차장거리를 중심으로 거리 도서전과 야외행사 프로그램이 시작되며, \'깊게...</dd>]', '[<dd>뉴스토마토 = 권익도 기자 | \xa015회를 맞은 \'<strong class=""hl"">서울와우북페스티벌</strong>\'이 오는 6일까지 홍대에서 진행된다. 올해는 \'깊게, 느리게, 풍부하게\'를 주제로 동시대 독자들의 관심사, 시대적 담론을 다각도에서 깊이 있게 조명한다....</dd>]', '[<dd>강연과 포럼 등을 통해 책과 동시대에 대해 생각해볼 수 있는 ‘제15회 <strong class=""hl"">서울와우북페스티벌</strong>’이 10월 3일부터 6일까지 홍대주차장거리와 주변 공간에서 열린다. 올해는 ‘깊게, 느리게, 풍부하게’를 주제로 동시대...</dd>]', '[<dd>\'<strong class=""hl"">서울와우북페스티벌</strong>\' 책을 좋아하는 사람이라면 10월 홍대거리에서 열리는 \'<strong class=""hl"">서울와우북페스티벌</strong>(이하 와우북페스티벌)\'을 모를 리 없다. 사회적기업 (사)와우책문화예술센터가 국내 첫 책축제를 표방하며 2005년부터...</dd>]', '[<dd>와우책문화예술센터(대표 이채관)는 다음달 3일부터 6일까지 나흘간 서울 마포구 홍익대 앞 주차장거리 및 주변공간에서 제15회 <strong class=""hl"">서울와우북페스티벌</strong>을 개최한다고 25일 밝혔다. 이번 페스티벌의 주제는 \'깊게, 느리게...</dd>]', '[]', '[<dd>소득공제가 가능한 서점, 북페스티벌에 대해 소개한다. 소개한 북페스티벌은 ▲대한민국독서대전 ▲문학주간 ▲<strong class=""hl"">서울와우북페스티벌</strong> ▲파주북소리 등이다. 문화비 소득공제는 서점 외 박물관, 미술관, 공연장 등도 가능하다.</dd>]']"
0,서울드럼페스티벌,"['[]', '[<dd>기존 \'<strong class=""hl"">서울드럼페스티벌</strong>\'(5월·봄)과 \'인디음악축제\'(9~10월·가을)와 함께 여름에는 \'서울국악축제\'(6월)와 \'한강썸머 뮤직페스티벌\'(8월), 가을엔 \'서울뮤직페스티벌\'(9~10월), 겨울엔 \'서울클래식음악축제\'(11~12월)가...</dd>]', '[]', '[]', '[]', '[]', '[<dd>기존 \'<strong class=""hl"">서울드럼페스티벌</strong>\'(5월, 봄)과 \'인디음악축제\'(9~10월, 가을)와 함께 여름에는 \'서울국악축제\'(6월)와 \'한강썸머 뮤직페스티벌\'(8월), 가을엔 \'서울뮤직페스티벌\'(9~10월), 겨울엔 \'서울클래식음악축제\'(11월~12월)가...</dd>]', '[]', '[]', '[]']"
0,남산골한옥마을세시맞이-추억의명절<오(五)대감한가위잔치>,"['[]', '[<dd><strong class=""hl"">남산골한옥마을</strong> <strong class=""hl"">오(五)대감 한가위잔치</strong> ""<strong class=""hl"">한가위</strong> 세시풍속 즐기세요"" <strong class=""hl"">한가위</strong>를 맞아 <strong class=""hl"">남산골한옥마을</strong>에서 <strong class=""hl"">세시맞이</strong> 행사로 \'<strong class=""hl"">추억의 명절</strong> <strong class=""hl"">오(五)대감 한가위잔치</strong>\'가 진행된다. 우리네 <strong class=""hl"">한가위</strong>에 치르던 민속놀이와...</dd>]', '[<dd>서울시 <strong class=""hl"">남산골한옥마을</strong>에서는 27∼28일 <strong class=""hl"">세시맞이</strong> ‘<strong class=""hl"">추억의 명절</strong>, <strong class=""hl"">오(五)대감 한가위 잔치</strong>’가 열린다. <strong class=""hl"">남산골 한옥</strong> 다섯 채의 양반 댁에서 열리는 <strong class=""hl"">한가위 잔치</strong>를 주제로, 추석에 행해졌던 세세풍속 체험과 민속놀이...</dd>]', '[<dd><strong class=""hl"">추억</strong>을 만들 수 있는 즐거운 시간이 될 것이다. 공연일시: 9월 8일 오후 8:00~ 9:30 공연장소: 국립국악원 관람연령: 취학아동 관람가능 관람시간: 90분 가 격: 무료 ◇<strong class=""hl"">남산골 한옥마을 세시맞이</strong> &lt;<strong class=""hl"">오(五)대감 한가위 잔치</strong>...</dd>]', '[<dd>자료=서울시 제공 서울시는 오는 27일부터 28일까지 <strong class=""hl"">남산골한옥마을</strong>에서 <strong class=""hl"">세시맞이</strong> \'<strong class=""hl"">추억의 명절</strong>, <strong class=""hl"">오(五)대감 한가위 잔치</strong>\'가 열린다고 21일 밝혔다. \'<strong class=""hl"">추억의 명절</strong>, <strong class=""hl"">오(五)대감 한가위 잔치</strong>\'는 <strong class=""hl"">남산골한옥마을</strong> <strong class=""hl"">한옥</strong> 다섯(<strong class=""hl"">五)</strong>...</dd>]', '[<dd>[일요신문] 오는 27일부터 28일까지 이틀간, <strong class=""hl"">남산골한옥마을</strong>에서 <strong class=""hl"">세시맞이</strong> &lt;<strong class=""hl"">추억의 명절</strong>, <strong class=""hl"">오(五)대감 한가위 잔치&gt;</strong>가 열린다. <strong class=""hl"">남산골한옥마을</strong> <strong class=""hl"">한옥</strong> 다섯(五)채의 양반 댁에서 열리는 <strong class=""hl"">한가위 잔치</strong>를 주제로, 추석에 행해졌던...</dd>]', '[<dd>서울시는 오는 27일부터 28일까지 <strong class=""hl"">남산골한옥마을</strong>에서 <strong class=""hl"">세시맞이</strong> \'<strong class=""hl"">추억의 명절</strong>, <strong class=""hl"">오(五)대감 한가위 잔치</strong>\'를 개최한다고 21일 밝혔다. \'<strong class=""hl"">추억의 명절</strong>, <strong class=""hl"">오(五)대감 한가위 잔치</strong>\'는 <strong class=""hl"">남산골한옥마을</strong> <strong class=""hl"">한옥</strong> 다섯(五)채의 양반...</dd>]', '[<dd>27일부터 이틀간 서울 <strong class=""hl"">남산골한옥마을</strong>에서 <strong class=""hl"">세시맞이</strong> \'<strong class=""hl"">추억의 명절</strong>, <strong class=""hl"">오(五)대감 한가위 잔치</strong>\'가 열린다. 서울시는 \'<strong class=""hl"">추억의 명절</strong>\'이란 부제에 맞게 이색적인 체험 프로그램을 다양하게 준비했다고 21일 소개했다....</dd>]', '[]', '[]']"
0,실버문화페스티벌,"['[]', '[<dd>동구 \'제5회 <strong class=""hl"">실버문화 페스티벌</strong>\' 광주광역시 동구가 최근 \'제5회 <strong class=""hl"">실버문화 페스티벌</strong>\'을 개최했다고 26일 밝혔다. 동구노인종합복지관 주관으로 개최된 이번 행사는 취미·여가프로그램으로 활발한 활동을 하고 있는...</dd>]', '[<dd>광주시 동구(청장 임택)가 20일 어르신 실버동아리가 참여한 가운데 \'제5회 <strong class=""hl"">실버문화 페스티벌</strong>\'을 개최했다고 밝혔다. 동구노인종합복지관 주관으로 개최된 이번 행사는 취미·여가프로그램으로 활발한 활동을 하고...</dd>]', '[]', '[]', '[]', '[]', '[<dd>2019년 제5회 동구<strong class=""hl"">실버문화 페스티벌</strong>/ⓒ광주 동구청 광주 동구(청장 임택)가 20일 어르신 실버동아리가 참여한 가운데 \'제5회 <strong class=""hl"">실버문화 페스티벌</strong>\'을 개최했다고 밝혔다. 동구노인종합복지관 주관으로 개최된 이번 행사는...</dd>]', '[]', '[]']"
0,북팔코믹스페스티벌:쁘띠북코페달빛과자전,"['[]', '[]', '[]', '[]', '[]', '[]', '[]', '[]', '[]', '[]']"
0,압구정로데오힐링페스티벌,"['[]', '[<dd>사진=현대백화점 제공 현대백화점은 전국 15개 백화점과 6개 아울렛에서 \'추석 연휴 <strong class=""hl"">힐링 페스티벌</strong>\'을... <strong class=""hl"">압구정로데오</strong>역 인근에 위치한 갤러리아 명품관에서는 웰니스(Wellness) 트렌드에 맞춰 이탈리아 하이엔트...</dd>]', '[<dd>경희MICE창조아카데미(이하 아카데미)에 지원하게 된 계기가 궁금합니다.축제 기획에 관심이 많은 저는 \'<strong class=""hl"">압구정로데오 힐링페스티벌</strong>\', \'2017 정동야행\', \'2017 물순환 시민 문화제\' 등 다양한 행사에서 주최 및 기획단으로...</dd>]', '[<dd>16일 <strong class=""hl"">압구정로데오</strong>에서 강남구 정순균 구청장 및 구민들, 사랑의 쌀나눔운동본부와 함께 김장 2000포기를 담가 한솥도시락을 통해 지역 저소득층에 기부, 했으며 한국폭력학대예방협회(KAVA)의 청소년 <strong class=""hl"">힐링</strong>콘서트...</dd>]', '[<dd>10월 1일부터 3일까지 <strong class=""hl"">압구정 로데오</strong>거리 일대에서는 \'강남 패션<strong class=""hl"">페스티벌</strong>\'이 열린다. 올해로 10년의... 민속<strong class=""hl"">힐링</strong>캠프, 황토마을 등이 있다. 횡성한우축제 2016, 대한민국을 대표하는 전국 최고의 한우축제 행사기간...</dd>]', '[<dd>■ <strong class=""hl"">압구정로데오 힐링페스티벌</strong> 2016 서울특별시 강남구 (압구정 로데오거리) / 2016.05.06 ~ 2016.05.07 <strong class=""hl"">압구정로데오 힐링페스티벌</strong>은 [패션페스티벌] [거리예술공연] [놀이체험부스] 등 다채로운 즐길 거리와 함께 경품...</dd>]', '[<dd>11일 서울 강남구 신사동 로데오거리 일대에서 열린 \'2015 <strong class=""hl"">압구정 로데오 힐링 페스티벌</strong>\'에서 거리공연이 펼쳐지고 있다. 2015.12.11 ryousanta@yna.co.kr &lt;저작권자(c) 연합뉴스, 무단 전재-재배포 금지&gt;</dd>]', '[]', '[]', '[<dd>■<strong class=""hl"">압구정 로데오 힐링 페스티벌</strong> 서울특별시 강남구 압구정로 / 2015.12.11 ~ 2015.12.12 강남구청이 후원하는 12월 축제, 2015 <strong class=""hl"">압구정 로데오</strong> \'<strong class=""hl"">힐링페스티벌</strong>\'이 오는 12월 11일(금), 12일(토) 양일 간 압구정 로데오거리에서...</dd>]']"
0,Thebrilliantcountdown2016(영동대로카운트다운),"['[]', '[]', '[]', '[]', '[]', '[]', '[]', '[]', '[]', '[]']"
0,서울코믹월드,"['[]', '[<dd>10일 서울 서초구 양재동 aT센터에서 열린 제166회 <strong class=""hl"">서울 코믹월드</strong>에서 코스프레 참가자들이 포즈를 취하고 있다. 2019.11.10/뉴스1</dd>]', '[]', '[]', '[]', '[]', '[<dd>‘서머너즈 워’ 뉴욕 <strong class=""hl"">코믹</strong>콘 전시 현장[스포츠<strong class=""hl"">서울</strong> 김진욱기자] 모바일 게임 기업 컴투스(대표 송병준)는... 함께 하는 글로벌 e스포츠 ‘서머너즈 워 <strong class=""hl"">월드</strong> 아레나 챔피언십(SWC)’으로 브랜드 가치를 키워가고 있다.</dd>]', '[<dd>이투데이=김다애 | 만화를 사랑하는 이들의 축제 \'<strong class=""hl"">서울 코믹월드</strong>\'가 양재 aT센터에서 열립니다. 코스프레 콘테스트와 만화노래자랑, 동아리 전시교류전 등 만화를 사랑하는 이들에게 볼거리가 가득한 축제가...</dd>]', '[<dd>글로벌 멀티플랫폼 게임 기업 카카오게임즈(각자 대표 남궁 훈, 조 계현)가 오는 20일(토)과 21일(일) 양일간 학여울역 세텍(SETEC)에서 열리는 ‘164회 <strong class=""hl"">서울 코믹월드</strong>’에서 인기 모바일 애니메이션 RPG ‘프린세스 커넥트!...</dd>]', '[]']"
0,독도둘레길체험여의도걷기대회,"['[]', '[<dd>실기<strong class=""hl"">대회</strong>, 거리극 ‘선녀와 나무꾼’ 공연, 승마<strong class=""hl"">체험</strong>, 물고기 잡기 <strong class=""hl"">체험</strong>, 깡통 열차 운행을 통해 가족 단위 관광객을 끌어모을 예정이다. ◆추석맞이 경북 특별 프로그램 ▷한가위 스페셜! 보문호반 달빛<strong class=""hl"">걷기</strong>(10월...</dd>]', '[<dd>광장, <strong class=""hl"">독도 둘레길 체험 여의도 걷기대회</strong> ▲오전 11시/오후 2시/오후 3시 <strong class=""hl"">독도</strong>칙령기념사업국민연합/<strong class=""hl"">독도</strong>NGO포럼/<strong class=""hl"">독도</strong>살리기운동본부, 탑골공원/덕수궁 내/광화문광장, 제115주년 <strong class=""hl"">독도</strong>의날 기념식 ▲오후 1시/오후 4시...</dd>]', '[<dd>11시 <strong class=""hl"">여의도</strong> 물빛무대 광장에서 ‘제1회 <strong class=""hl"">독도</strong><strong class=""hl"">체험</strong> 국민 <strong class=""hl"">걷기대회</strong>’를 성황리에 개최했다. 이번 <strong class=""hl"">걷기대회</strong>에는... <strong class=""hl"">독도</strong>의 소중함을 널리 알리기 위해 마련됐다. 특히 5.4km(동도 2.8km+서도2.6km)의 둘레를 걷는 <strong class=""hl"">독도 둘레길</strong>...</dd>]', '[]', '[]', '[]', '[<dd>제천 세명고, 동아리 활동 통해 \'<strong class=""hl"">독도</strong>지킴이\'로 우뚝 지난해 10월 서울에서 열린 제1회 <strong class=""hl"">독도둘레길 체험 여의도 걷기대회</strong>에 충북 제천 세명고등학교 <strong class=""hl"">독도</strong>사랑부ㆍ역사캠핑부 학생들이 참여해 기념촬영하고 있다....</dd>]', '[<dd>[대전 중도일보] (재)<strong class=""hl"">독도</strong>의용수비대기념사업회(회장 이병석 국회의원)는 오는 10월 25일 오전 11시부터 <strong class=""hl"">여의도</strong> 물빛무대 및 너른들판 광장 일원에서 제1회 <strong class=""hl"">독도 둘레길 체험 여의도 걷기대회</strong>를 개최한다. 이번...</dd>]', '[<dd>서울 <strong class=""hl"">여의도</strong> 물빛무대 광장에서 ‘제1회 <strong class=""hl"">독도</strong><strong class=""hl"">체험</strong> 국민 <strong class=""hl"">걷기 대회</strong>’를 개최했다. 이날 행사는 <strong class=""hl"">독도</strong>칙령... 4km를 걸으며 <strong class=""hl"">독도</strong>를 가상<strong class=""hl"">체험</strong> 할 수 있도록 했다. <strong class=""hl"">독도 둘레길</strong> 가상<strong class=""hl"">체험</strong> 코스는 <strong class=""hl"">독도</strong>의 동도 선착장을 시작으로...</dd>]']"
0,한글문화장터,"['[]', '[<dd>여주시 관계자는 “토요<strong class=""hl"">장터</strong> 활성화로 지역상권 활성화와 토요<strong class=""hl"">장터</strong>가 하나의 <strong class=""hl"">한글</strong>시장 <strong class=""hl"">문화</strong>가 될 수 있도록 노력하고 있다“며 ”여주의 대표시장으로서 각종 홍보 및 콘덴츠 개발도 지속적으로 추진해 나갈 것” 이라고...</dd>]', '[]', '[<dd>나라<strong class=""hl"">장터</strong> 입찰 공고 조달청은 물품구입 소액수의 견적제출 안내공고(파크골프장 조성공사 관급... ▲ 입찰명 : ""신규경기<strong class=""hl"">문화</strong>창조허브 공간조성 리모델링 공사(통신)"", 계약방법 : 수의(소액)-견적입찰(2인 이상...</dd>]', '[<dd>홍보 ▲<strong class=""hl"">한글</strong>시장 기자단 운영 등이다. 또 시장자생력 강화 차원에서 토요<strong class=""hl"">장터</strong> 및 야시장 운영, 지역커뮤니티 지원, 상인동아리가 운영되며 한·러 청소년 <strong class=""hl"">문화</strong>교류, 버스킹, 거리뮤지컬 등 다양한 <strong class=""hl"">문화</strong> 이벤트 및...</dd>]', '[]', '[]', '[<dd>대회, <strong class=""hl"">문화</strong>재 그림 그리기 대회) ▲공연(3종 : 학생 가을 음악제, 배꼬미 취타대 공연, 뮤지컬 공연 \'세종 이도의 꿈\') ▲시연(예림회 \'들차회\') ▲이벤트(<strong class=""hl"">한글</strong>날 OX퀴즈 대회) ▲전시(4종 : 사군자 작품, 어린이 서예, <strong class=""hl"">한글</strong>...</dd>]', '[<dd>영해<strong class=""hl"">장터</strong>거리 근대역사<strong class=""hl"">문화</strong>공간\' \'익산 솜리 근대역사<strong class=""hl"">문화</strong>공간\'을 <strong class=""hl"">문화</strong>재로 등록한다고 4일 밝혔다. 또한... \'송기주 네벌식 타자기\'는 네벌식 세로모아쓰기 방식이라는 특징을 가지고 있으며, 현재까지 발견된 <strong class=""hl"">한글</strong>...</dd>]', '[]']"
0,대한민국커피축제,"['[]', '[<dd>강릉<strong class=""hl"">커피축제</strong>와 횡성한우<strong class=""hl"">축제</strong>가 각각 2, 3위로 뒤를 이었다. 연구소측은 지난 9월28일부터 10월29일까지... 이와 함께 11월 <strong class=""hl"">대한민국</strong> 도시 브랜드평판 빅데이터 분석결과 수원시가 7위를 차지했다. 서울·부산·세종...</dd>]', '[<dd>처음부터 공장을 짓기에는 위험 부담이 있으니 조금씩 생산하면서 강릉<strong class=""hl"">커피축제</strong> 때 판매하면서 반응을... ◇ 최진성&gt; 이번에 <strong class=""hl"">커피</strong>잼이 2019년 <strong class=""hl"">대한민국</strong> 관광기념품 공모전에서 문화체육관광부 장관상인 은상을...</dd>]', '[<dd>아세안에 대한 <strong class=""hl"">대한민국</strong>의 관심은 곧 다양한 아세안 문화에 대한 관심으로 이어지고 있는데요. 이를 위한 다양한 문화 행사가 성행하고 있습니다. (1) 서울 청계광장서 펼쳐진 ‘인도네시아 <strong class=""hl"">축제</strong>’ (2) 아세안 대표작가...</dd>]', '[<dd>이번 <strong class=""hl"">축제</strong>는 체험부스에도 사람들이 몰리면서 대기번호가 이어졌고 인근 음식업소와 <strong class=""hl"">커피</strong>숍에는 예약이... 또한, 29일 오후 2시에는 국화<strong class=""hl"">축제</strong> 개장식과 함께 <strong class=""hl"">대한민국</strong>에서 최초로 건립된 한국트로트가요센터 개관식이...</dd>]', '[]', '[]', '[]', '[]', '[<dd>이번 <strong class=""hl"">축제</strong>는 체험부스에도 사람들이 몰리면서 대기번호가 이어졌고 인근 음식업소와 <strong class=""hl"">커피</strong>숍에는 예약이... 또한, 29일 오후 2시에는 국화<strong class=""hl"">축제</strong> 개장식과 함께 <strong class=""hl"">대한민국</strong>에서 최초로 건립된 한국트로트가요센터 개관식이...</dd>]']"
0,정동야행,"['[]', '[<dd>정 교수는 ‘<strong class=""hl"">정동야행</strong>’ 등 2016년부터 시작된 문화재를 활용한 야간 프로그램과 야간 축제인 진주남강유등축제 등에 대해서도 자세하게 소개했다. 앞서 기조발표에 나선 다이 중국관광연구원장은 “야간경제를...</dd>]', '[<dd>동화약품은 10월 25일과 26일 양일간 서울 중구의 정동 일대에서 열리는 \'2019 <strong class=""hl"">정동야행</strong>(貞洞夜行)\'에 참여한다고 밝혔다. 이번 축제에서는 \'시간여행\'을 주제로 정동의 근대 역사와 문화를 조명한다. 이에 동화약품은 중구...</dd>]', '[]', '[]', '[]', '[]', '[<dd>서울특별시는 25일 오후 서울 중구 정동일대에서 \'2019 <strong class=""hl"">정동야행</strong>\'을 성황리에 개막하였다. 26일까지 이어지는 이번 \'<strong class=""hl"">정동야행</strong>\'은\xa0 \'1897 정동의 시간을 여행하다\'를 테마로 하여 근대 개화기를 재 조명하는 프로그램으로...</dd>]', '[]', '[]']"
0,정동문화축제,"['[]', '[<dd>17일 서울 중구 <strong class=""hl"">정동</strong>길에서 시민들이 경향신문 주최로 열린 ‘제 21회 <strong class=""hl"">정동 문화축제</strong>’에서 진행된 <strong class=""hl"">문화</strong>공연을 관람하고 있다. 19일까지 <strong class=""hl"">정동</strong>길에서 열리는 이번 <strong class=""hl"">축제</strong>에는 각종 공연과 <strong class=""hl"">정동</strong>길 사진전, 노천카페...</dd>]', '[]', '[]', '[]', '[]', '[<dd>한국 근현대사의 산실인 서울 중구 <strong class=""hl"">정동</strong>길에서 다양한 행사를 즐길 수 있는 ‘<strong class=""hl"">정동문화축제</strong>’가 17일 열렸다. 경향신문이 주최하고 서울시 등이 후원하는 <strong class=""hl"">정동문화축제</strong>는 올해로 21회째를 맞았다. ‘보담(步談), <strong class=""hl"">정동</strong>을...</dd>]', '[<dd>경향신문 주최로 개최되는 제21회 <strong class=""hl"">정동문화축제</strong>(10.17.~19.)는 덕수궁 돌담길부터 경향신문사에 이르는 <strong class=""hl"">정동</strong>길 전역에서 펼쳐진다. 콘서트, 아트마켓 등이 다양하게 열린다. 서울시는 앞으로도 <strong class=""hl"">정동</strong> 일대 기업, 학교, 주민...</dd>]', '[<dd>17일 경향신문이 주최하는 제21회 <strong class=""hl"">정동문화축제</strong> 공연이 열려 시민들이 관람하고 있다. 19일까지 열리는 이번 <strong class=""hl"">축제</strong>에서는 공연, 사진전, 시사만화 전시, 캐리커처 그려주기 행사, 아트마켓 등이 열린다.</dd>]', '[<dd>ㆍ풍납토성·선사<strong class=""hl"">문화</strong>·<strong class=""hl"">정동문화축제</strong> 등 역사·<strong class=""hl"">문화</strong>·체험 ‘즐길거리 풍성’ 가을이 무르익는 10월을 맞아 서울 곳곳에서 다양한 <strong class=""hl"">축제</strong>가 펼쳐진다. 역사·<strong class=""hl"">문화</strong> 체험을 비롯해 이색 볼거리와 즐길거리가 시민들을...</dd>]']"
0,북팔코믹스페스티벌:할로북코페,"['[]', '[]', '[]', '[]', '[]', '[]', '[]', '[]', '[]', '[]']"
0,경북착한사과페스티벌,"['[]', '[<dd>5일 서울광장에서 열린 ‘2019 <strong class=""hl"">경북착한사과 페스티벌</strong>’의 조형물 앞에서 시민들이 기념 촬영을 하고 있다. 이날부터 7일까지 열리는 페스티벌에는 사과 반값 할인 판매, 시식회 등이 마련됐다. 경북 지역은 전국 사과...</dd>]', '[<dd><strong class=""hl"">경북</strong>도가 오는 5일 서울광장에서 \'2019 <strong class=""hl"">경북</strong> <strong class=""hl"">사과 페스티벌</strong>\'을 개최한다.올해로 14회째를 맞는 이번 행사는 오는 5일부터 7일까지 3일간 서울광장에서 열린다.공연, 문화행사를 비롯해 \'행운가득 <strong class=""hl"">사과</strong>로또...</dd>]', '[<dd>경북도는 경북 사과의 우수성을 홍보하고 수입산 과일에 밀려 해마다 소비가 감소하고 있는 사과 소비를 촉진하기 위해 13일 서울광장에서 ‘2018 <strong class=""hl"">경북 착한사과 페스티벌</strong>’ 개막식을 갖고 오는 15일까지 홍보행사를...</dd>]', '[]', '[]', '[]', '[]', '[<dd>\'대한민국 경북사과로 물들다\'를 슬로건으로 올해로 13번째를 맞는 <strong class=""hl"">경북착한사과 페스티벌</strong>이 개막했습니다. 경북 15개 사과 주산지 농민들의 정성과 땀이 묻어나는 명품 사과를 직접 보고 맛 볼 수 있는 기회입니다. 값도...</dd>]', '[]']"
0,남산한옥마을세시맞이따뜻한겨울애(愛)동지,"['[]', '[]', '[]', '[]', '[]', '[]', '[]', '[]', '[]', '[]']"
0,K-FoodFestival,"['[]', '[<dd>본\xa0행사의\xa0자세한\xa0사항은\xa0홈페이지(www.<strong class=""hl"">foodfestival</strong>.co.kr)를\xa0통해\xa0확인\xa0가능하며,\xa0온라인으로\xa0사전... (RoboUniverse\xa0<strong class=""hl"">K</strong>\xa0Drone,\xa0Conference\xa0Expo)\xa0VR\xa0서밋(VR\xa0Summit)\'이\xa0오는\xa06월\xa028일부터\xa030일까지\xa0일산\xa0킨텍스\xa07...</dd>]', '[]', '[]', '[]', '[]', '[]', '[]', '[]', '[]']"
0,북팔코믹스페스티벌,"['[]', '[<dd>지난 17일 서울 학여울역 세텍에서는 \'서울디저트페어-수박&amp;망고\'(주최 <strong class=""hl"">북팔코믹스</strong>)와 \'금손<strong class=""hl"">페스티벌</strong>\' 및 \'멍냥이디저트페어\'가 동시에 열렸다. 서울디저트페어는 페이스북, 인스타그램 등에서 인기 있는 디저트 맛집들과...</dd>]', '[<dd>ⓒ\xa0<strong class=""hl"">북팔코믹스</strong> \xa0국내\xa0최대\xa0규모의\xa0디저트\xa0축제인\xa0\'서울디저트페어\'가\xa0올해로\xa020회차를\xa0맞는다. 주최를... 한편,\xa0다양한\xa0창작물이\xa0전시되는\xa0\'제9회\xa0서울금손<strong class=""hl"">페스티벌</strong>\'도\xa0오는\xa02월\xa08일부터\xa010일까지\xa0양재...</dd>]', '[<dd>(주) <strong class=""hl"">북팔코믹스</strong>가 ""반려동물 용품, 소품 축제 \'멍냥이디저트페어\'가 오는 7월 14-15일 학여울역 SETEC... 특히, 이번 멍냥이디저트페어는 서울디저트페어/서울금손<strong class=""hl"">페스티벌</strong>과 동시 개최되는 행사로, 티켓 한 장으로 세...</dd>]', '[<dd><strong class=""hl"">북팔코믹스</strong> 제공 반려동물 용품·소품 축제 ‘멍냥이디저트페어’가 오는 7월 14일~15일 양일간 학여울 SETEC... 멍냥이디저트페어는 서울디저트페어/서울금손<strong class=""hl"">페스티벌</strong>과 동시 개최되는 행사로 티켓 한 장으로 세 가지...</dd>]', '[<dd><strong class=""hl"">북팔코믹스</strong> 제공 반려동물 용품·소품 축제 ‘멍냥이디저트페어’가 오는 7월 14일~15일 양일간 학여울 SETEC... 멍냥이디저트페어는 서울디저트페어/서울금손<strong class=""hl"">페스티벌</strong>과 동시 개최되는 행사로 티켓 한 장으로 세 가지...</dd>]', '[<dd>행사 주최사 <strong class=""hl"">북팔코믹스</strong>는 오는 21일~22일 양일간 서울 학여울 세텍(SETEC) 전시장에서 ‘고양이 디저트페어’가 ‘서울디저트페어’, ‘서울금손<strong class=""hl"">페스티벌</strong>’과 함께 공동 개최된다고 17일 밝혔다. 이번 행사는 300여개...</dd>]', '[<dd>행사 주최사 <strong class=""hl"">북팔코믹스</strong>는 오는 21일~22일 양일간 서울 학여울 세텍(SETEC) 전시장에서 ‘고양이 디저트페어’를 ‘서울디저트페어’, ‘서울금손<strong class=""hl"">페스티벌</strong>’과 함께 공동 개최된다고 17일 밝혔다. 이번 행사는 300여개...</dd>]', '[<dd>꼽으라면 <strong class=""hl"">북팔</strong>과 레진<strong class=""hl"">코믹스</strong>가 정답일 것 같다. <strong class=""hl"">북팔</strong>은 웹소설로, 레진<strong class=""hl"">코믹스</strong>는 웹툰 플랫폼으로 두각을... 조아라는 12월 22일까지 ‘제1회 노블레스 신규작품 77<strong class=""hl"">페스티벌</strong>\'을 개최한다. 전문가 평가를 빼고 100% 독자...</dd>]', '[<dd>엔씨<strong class=""hl"">코믹스</strong>를 관람객들에게 알렸다. 아울러 PC 온라인게임 MXM(Master X Master, 엠엑스엠)의 캐릭터인 \'아라미\'와... 지난달 30일 일본의 피규어 축제인 \'2017 원더<strong class=""hl"">페스티벌</strong>\'에 참가해 한정으로 선보인 \'클로에\' 피규어가...</dd>]']"
0,강동친환경도시농업축제,"['[]', '[<dd>이정훈 <strong class=""hl"">강동</strong>구청장이 25일 상일텃밭(상일동 12번지)에서 열린 ‘텃밭 갈무리 <strong class=""hl"">축제</strong>’에 참석해 올 한해 텃밭을 일궈온 주민, <strong class=""hl"">도시농업</strong>단체 회원 등 100여 명과 함께 토종배추로 김장을 하며 정겨운 소통의 시간을 가졌다....</dd>]', '[<dd>미세먼지 알리미 전광판을 설치, <strong class=""hl"">친환경</strong> 전기자동차 보급, 영세사업장 대기오염 방지시설 설치 지원... 문화<strong class=""hl"">축제</strong> <strong class=""hl"">도시</strong>로 거듭난다. 또한, 건천체육공원 조성, 불국 스포츠센터 건립, 모량초등학교 개방형 다목적 체육관...</dd>]', '[]', '[]', '[]', '[<dd>에너지자립마을 <strong class=""hl"">축제</strong>, 온실가스(에너지) 진단·컨설팅 등 다양한 에너지자립마을 지원방안을 마련하여 \'<strong class=""hl"">친환경</strong> 에너지자립<strong class=""hl"">도시</strong> <strong class=""hl"">강동</strong>구\'를 조성하겠다”고 전했다. 한편, 성내동에 위치한 올림픽파크 한양수자인...</dd>]', '[]', '[]', '[<dd>건강<strong class=""hl"">도시</strong> 지향 사업이자 넓게는 기후변화에 대응할 수 있는 <strong class=""hl"">친환경</strong> 정책""이라며 ""이번 박람회가 <strong class=""hl"">도시농업</strong>의... <strong class=""hl"">강동</strong>구청 <strong class=""hl"">도시농업</strong>과로 문의하고, 별(★)의 별 <strong class=""hl"">축제</strong>는 <strong class=""hl"">강동</strong>구청 푸른<strong class=""hl"">도시</strong>과로 문의하면 안내 받을 수 있다.</dd>]']"
0,서울김장문화제,"['[]', '[<dd>28일 서울시에 따르면 다음 달 1~3일 사흘간 서울광장과 무교로 일대에서 지역 상생을 주제로 \'2019 <strong class=""hl"">서울김장문화제</strong>\'가 개최된다. 하이라이트는 이틀간 서울광장에서 65t의 배추를 버무리는 김장나눔 행사다....</dd>]', '[]', '[]', '[]', '[]', '[<dd>\xa0서울시는 다음달 1~3일 3일간 서울광장과 무교로 일대에서 2019 <strong class=""hl"">서울김장문화제</strong>를 개최한다고 지난 28일 밝혔다. \'김장나눔\'은 김장문화가 가진 협력과 나눔이라는 가치를 보여주는 대표행사다. 시민, 단체, 기업 등...</dd>]', '[<dd>\xa0서울시는 1일 서울 시청앞 서울광장에서 2019<strong class=""hl"">서울김장문화제</strong>를 개최하였다. 3일까지 이어지는 김장문화제는 시민, 기업, 외국인이 한마음이 되어 소외 이웃을 위한 김장나눔, 김치명인의 김장간, 우리집 김장간, 외국인...</dd>]', '[]', '[]']"
0,6시내고향토종씨앗축제,"['[]', '[<dd>맞은 &lt;<strong class=""hl"">6시 내고향</strong>&gt;은 오는 16일까지 서울 여의도 KBS홀 앞 광장에서 시청자 3000명에게 <strong class=""hl"">토종씨앗</strong>을 무료로... 나눠주는 ‘<strong class=""hl"">토종씨앗축제</strong>’를 연다. &lt;하경헌 기자 azimae@kyunghyang.com&gt; ▶ 스포츠경향 뉴스를...</dd>]', '[]', '[<dd>프로그램이 6000회를 맞이한 것에 김정수 국장은 ""\'<strong class=""hl"">6시 내고향</strong>\'은 KBS1의 거점 프로그램이다. 그런 기간에 프로그램을 제작했다""고 입을 열었다. 6000회 기념으로 \'<strong class=""hl"">토종 씨앗 축제</strong>\'를 기획하게 된 데에 ""지난해 10월부터...</dd>]', '[]', '[]', '[]', '[]', '[<dd>광장에서 ‘<strong class=""hl"">토종씨앗축제</strong>’를 연다. 한편, ‘<strong class=""hl"">6시 내고향</strong>’은 지난 1991년 5월 20일 첫방송 이후 25년간 전국 농어촌 먹거기를 소개해왔다. 동아닷컴 ▶ 동아닷컴 연예팀 공식 페이스북/ 동아닷컴 스타 화보·스타...</dd>]', '[]']"
0,정동야행,"['[]', '[<dd>정 교수는 ‘<strong class=""hl"">정동야행</strong>’ 등 2016년부터 시작된 문화재를 활용한 야간 프로그램과 야간 축제인 진주남강유등축제 등에 대해서도 자세하게 소개했다. 앞서 기조발표에 나선 다이 중국관광연구원장은 “야간경제를...</dd>]', '[<dd>동화약품은 10월 25일과 26일 양일간 서울 중구의 정동 일대에서 열리는 \'2019 <strong class=""hl"">정동야행</strong>(貞洞夜行)\'에 참여한다고 밝혔다. 이번 축제에서는 \'시간여행\'을 주제로 정동의 근대 역사와 문화를 조명한다. 이에 동화약품은 중구...</dd>]', '[]', '[]', '[]', '[]', '[<dd>서울특별시는 25일 오후 서울 중구 정동일대에서 \'2019 <strong class=""hl"">정동야행</strong>\'을 성황리에 개막하였다. 26일까지 이어지는 이번 \'<strong class=""hl"">정동야행</strong>\'은\xa0 \'1897 정동의 시간을 여행하다\'를 테마로 하여 근대 개화기를 재 조명하는 프로그램으로...</dd>]', '[]', '[]']"
0,서울과자북코페,"['[]', '[]', '[]', '[]', '[]', '[]', '[]', '[]', '[]', '[]']"
0,서울장미축제,"['[]', '[<dd>빛 <strong class=""hl"">축제</strong>인‘제7회 이월드 별빛 <strong class=""hl"">축제</strong>’를 개최한다. ‘별빛 <strong class=""hl"">장미</strong>정원’등 3개의 꽃 정원이 새롭게... 올해 첫 <strong class=""hl"">서울</strong> 겨울 빛 <strong class=""hl"">축제</strong> ‘DDP 라이트’는 동대문디자인플라자(DDP) 건물 외벽을 스크린 삼아 12월 20일부터 내년...</dd>]', '[<dd>그리고 <strong class=""hl"">장미</strong>\'=봉산문화회관 스페이스라온/11월 23일 오후 3시 ▷최석민 무용단 2·28무용극 \'우리들의... 역사문화광장 ▷<strong class=""hl"">서울</strong>지식이음<strong class=""hl"">축제</strong>=<strong class=""hl"">서울</strong> 중구 <strong class=""hl"">서울</strong>도서관·<strong class=""hl"">서울</strong>광장 ▷부산콘텐츠유니버시아드 (BCU)=부산...</dd>]', '[<dd>덕수궁 돌담길에도 시민 5000명이 참여한 빛 <strong class=""hl"">축제</strong>가 개최된다. <strong class=""hl"">서울</strong>문화재단은 21일부터 다음 달 26일까지... <strong class=""hl"">서울</strong> 영등포구 선유도 공원으로 가는 길은 반딧불 조명, <strong class=""hl"">장미</strong> 조명 등으로 꾸며져 있다. 선유도역에서...</dd>]', '[<dd>구리 포천간 고속도로 개통으로 <strong class=""hl"">서울</strong>에서 1시간이면 방문할 수 있으며 <strong class=""hl"">축제</strong>는 계절별 일몰 시간에 맞춰 오후... 전국 최대규모 \'별빛 <strong class=""hl"">장미</strong>정원: 다이나믹광장\'과 국내최초 \'별빛수국정원: 어드벤처광장\' 국내에서 가장...</dd>]', '[<dd>이정림 · <strong class=""hl"">장미</strong>자가 초청가수로 출연해 <strong class=""hl"">축제</strong> 현장 분위기를 뜨겁게 달아오르게 할 예정이다. 한편 노래자랑 참가를 희망하는 은평구민은 <strong class=""hl"">서울</strong>기독대학교로 전화 접수하면 된다. 입상자에게는 부상으로 전자피아노...</dd>]', '[]', '[<dd>구는 수많은 장미들이 일제히 개화하는 5월에 \'<strong class=""hl"">서울장미축제</strong>\'를 개최하고 있다. 특히 올해는 202만명이 축제를 찾아 주민에게는 색다른 휴식처로, 방문객들에게는 장미를 마음껏 즐길 수 있는 장소로 각광받고 있다. 이...</dd>]', '[]', '[]']"
0,연예인과함께하는희망나눔페스티벌,"['[]', '[<dd>‘사랑<strong class=""hl"">나눔</strong>포차’에 많은 관람객이 몰렸으며 만보기를 달고 에어바운스에서 뛰어놀면서 만보기에 표기된 숫자만큼 참가자 이름으로 쌀을 기부<strong class=""hl"">하는</strong> 방식으로 진행된‘초록우산 어린이재단과 <strong class=""hl"">함께하는</strong> 기부방방’행사에...</dd>]', '[]', '[]', '[]', '[]', '[<dd>◆고려대학교 의과대학, ‘세잎클로버+<strong class=""hl"">페스티벌</strong>’ 진행 고려대학교 의과대학(학장 이홍식)은 최근... 담아 ▲<strong class=""hl"">희망</strong> ▲믿음 ▲사랑을 주제로 이 병원 1층부터 3층에서 진행됐다. 또 지역사회와 <strong class=""hl"">함께하는</strong> 4번째 건강<strong class=""hl"">나눔</strong>...</dd>]', '[<dd>파주시민과 <strong class=""hl"">함께하는</strong> LG행복<strong class=""hl"">나눔 페스티벌</strong>\'을 성황리에 개최했다. 이날 오후 5시부터 9시 30분까지 1, 2부로... <strong class=""hl"">희망</strong>날개클럽이 후원<strong class=""hl"">하는</strong> 청소년 국악인 이한서 공연으로 분위기를 돋우었다. 이어진 2부 <strong class=""hl"">연예인</strong>...</dd>]', '[]', '[<dd>올해 16회를 맞이<strong class=""hl"">하는</strong> 고령군 <strong class=""hl"">희망</strong>의 새싹 큰잔치는 방송 댄스, 합창을 비롯해 어린이 태권도 시범과 스트릿 뮤지컬 공연, <strong class=""hl"">연예인</strong>초청 레크리에이션, 경품추천 등 다채로운 무대 행사와 이벤트가 진행된다. 성주군은...</dd>]']"
0,"서대문,1919그날의함성!","['[]', '[<dd><strong class=""hl"">1919</strong>년 1월 경성에서 기독교 목사 오화영, 신석구 등을 만나 독립운동에 관해 논의했다. 이어 2월 20일 <strong class=""hl"">서대문</strong>... <strong class=""hl"">그날</strong> 밤 최종현 등 주동자들은 시위 준비가 뜻대로 되지 않아 속을 태우며 남산교 부근을 걸었다. 그때 저녁...</dd>]', '[<dd>(사)강원여성서예협회가 주최·주관하고 강원도가 후원하는 `3·1절 100주년 기념 <strong class=""hl"">그날의 함성</strong>\' 제9회... 또 아우네 장터에서 태극기를 나눠주며 만세운동을 주도하다 <strong class=""hl"">서대문</strong>형무소로 압송, 일제의 모진 고문 끝에 순국한 3...</dd>]', '[<dd>서울 <strong class=""hl"">서대문</strong>구가 3·1운동 100주년을 맞은 3월1일 <strong class=""hl"">서대문</strong> 독립공원과 <strong class=""hl"">서대문</strong>형무소역사관 일대에서 끝나지 않는 100년의 외침이란 주제로 <strong class=""hl"">서대문</strong> <strong class=""hl"">1919 그날의 함성</strong>\xa0행사를 개최했다고 3일 밝혔다. 이날 문석진...</dd>]', '[<dd>서울 <strong class=""hl"">서대문</strong>구(구청장 문석진)는 3·1운동 100주년을 맞는 다음달 1일 \'끝나지 않는 100년의 외침!\'이란 주제로 \'<strong class=""hl"">서대문, 1919 그날의 함성</strong>\' 행사를 개최한다고 22일 밝혔다. 역사어린이합창단이 삼일절 당일 오전 9시...</dd>]', '[]', '[]', '[]', '[]', '[<dd><strong class=""hl"">서대문</strong>구는 오전 11시부터 <strong class=""hl"">서대문</strong>형무소역사관에서 ‘끝나지 않는 100년의 외침!’이란 주제로 ‘<strong class=""hl"">서대문, 1919 그날의 함성</strong>’ 행사를 연다. 역사관 내 특설 무대에서 배우들이 일제에 대한 저항과 독립 염원을 담은...</dd>]']"
0,우유의날행사&국내산치즈페스티벌,"['[]', '[<dd>인천지법 부천지원 형사1부(임해지 부장판사)는 통화위조 및 위조통화<strong class=""hl"">행사</strong> 등 혐의로 기소된 A씨(40)에게... 그는 같은 <strong class=""hl"">날</strong> 부천시 한 상점에서 950원짜리 <strong class=""hl"">우유</strong> 1팩을 산 뒤 1만원권 위조지폐를 내고 거스름돈으로 9050원을...</dd>]', '[]', '[]', '[]', '[]', '[<dd>이번 <strong class=""hl"">행사</strong>에는 아동복지시설 종사자 등 250여 명이 참석했으며 도지사 표창과 아동학대 예방을 다짐하는... 학생 9명으로 구성된 봉사동아리는 지난 3월부터 급식으로 제공된 <strong class=""hl"">우유</strong>팩 2만여 장을 모아 화장지 2천 개로...</dd>]', '[<dd>이번<strong class=""hl"">행사</strong>에는 천안 관내 11개 농·축협이 참여하여 천안시 농특산물인 배, 거봉포도, 오이, 쌀, 잡곡, 버섯 등 30여종의 \'하늘그린\' 농산물을 비롯하여 고추장, 된장, <strong class=""hl"">우유</strong>떡, 치즈 등 6차 산업제품과 토바우 한우(천안축협)...</dd>]', '[]', '[]']"
0,개화산해맞이행사,"['[]', '[<dd>서울 강서구는 오는 1월 1일 <strong class=""hl"">개화산</strong> 정상에서 구민과 함께 ‘2019 <strong class=""hl"">해맞이 행사</strong>’를 개최한다고 24일 밝혔다. 구는 다사다난했던 한 해를 마무리하고 새로운 각오로 희망찬 출발을 준비하는 구민을 위한 다채로운 <strong class=""hl"">해맞이</strong>...</dd>]', '[]', '[]', '[]', '[]', '[<dd>다양한 공연으로 문을 여는 이번 <strong class=""hl"">해맞이</strong> 축제에서는, 소망엽서 보내기와 가훈 써주기 등의 <strong class=""hl"">행사</strong>가 진행됩니다. 강서구는 <strong class=""hl"">개화산</strong>에서 오전 7시 47분쯤 기해년 첫 해를 볼 수 있을 것으로 보고 있습니다. &lt;편집 - 김환 기자...</dd>]', '[<dd>서울 강서구는 2019년 기해년 1일 첫날, <strong class=""hl"">개화산</strong>에서 <strong class=""hl"">해맞이 행사</strong>를 개최했다. <strong class=""hl"">개화산</strong>은 서울 최서단에 위치한 산이지만 서울을 동쪽으로 내려다볼 수 있는 명소여서 <strong class=""hl"">해맞이</strong>를 하러온 많은 주민들로 인산인해를 이뤘다. 이...</dd>]', '[]', '[<dd><strong class=""hl"">개화산 해맞이 행사</strong>는 6시 50분에 신명나는 길놀이로 시작해 주민들의 흥과 기운을 돋우는 대(大)북공연과 컨템포디보의 공연이 이어진다. 또, 사전에 진행한 강서주민들의 새해소망 인터뷰 영상을 함께 보며 기해년...</dd>]']"
0,인왕산청운공원해맞이축제,"['[]', '[<dd>서울 종로구(구청장 김영종)는 오는 1월 1일 ‘제20회 <strong class=""hl"">인왕산 청운공원</strong> 종로구 <strong class=""hl"">해맞이 축제</strong>’를 개최한다고 26일 밝혔다. 2019년의 시작을 다함께 축하하고 주민 화합과 건강을 기원하고자 마련된 자리로 <strong class=""hl"">인왕산 청운공원</strong>...</dd>]', '[]', '[]', '[]', '[]', '[<dd>종로구(구청장 김영종)는 오는 1월1일 제20회 <strong class=""hl"">인왕산 청운공원</strong> 종로구 <strong class=""hl"">해맞이 축제</strong>를 개최한다. 2019년 시작을 다함께 축하하고 주민 화합과 건강을 기원하기 위해 마련된 자리로 <strong class=""hl"">인왕산 청운공원</strong>(<strong class=""hl"">청운</strong>동 3-55) 및 청와대...</dd>]', '[<dd>기해년 새해를 맞아 서울 종로구(구청장 김영종)는 2019년 1월 1일(화) \'제20회 <strong class=""hl"">인왕산 청운공원</strong> 종로구 <strong class=""hl"">해맞이 축제</strong>\'를 개최한다고 밝혔다. 2019년의 시작을 다 함께 축하하고 주민 화합과 건강을 기원하고자 마련된 자리로...</dd>]', '[<dd>서울 종로구는 2019년 새해 첫날 제20회 <strong class=""hl"">인왕산 청운공원</strong> 종로구 <strong class=""hl"">해맞이 축제</strong>를 개최한다고 30일 밝혔다. 2019년의 시작을 축하하는 자리로 <strong class=""hl"">청운공원</strong> 및 청와대 앞 대고각에서 오전 7시부터 2시간가량 진행한다....</dd>]', '[<dd>종로구에서는 ‘제20회 <strong class=""hl"">인왕산 청운공원</strong> 종로구 <strong class=""hl"">해맞이 축제</strong>’가 1월 1일 오전 7시부터 8시까지 <strong class=""hl"">인왕산 청운공원</strong>에서 펼쳐진다. 풍물패 공연과 대고각 북치기, 새해소망 가훈 써주기 등이 운영된다. 성동구는 ‘응봉산...</dd>]']"
0,한부모가족모두하나대축제,"['[]', '[<dd>지난 19일 서울특별시 <strong class=""hl"">한부모가족</strong>지원센터 주관 \'<strong class=""hl"">모두 하나 대축제</strong>\'에 참여하여 <strong class=""hl"">한부모 가족</strong> 아이들에게 무료 목공 체험 서비스를 제공했으며, 21일에는 한국임업진흥원 임직원, 자원봉사자가 직접 <strong class=""hl"">한부모 가족</strong>에게...</dd>]', '[]', '[]', '[<dd>지난 10월 19일 서울특별시 <strong class=""hl"">한부모가족</strong>지원센터 주관 \'<strong class=""hl"">모두 하나 대축제</strong>\'에 참여하여 <strong class=""hl"">한부모 가족</strong> 아이들에게 무료 목공 체험 서비스를 제공했으며, 21일에는 한국임업진흥원 임직원, 자원봉사자가 직접 <strong class=""hl"">한부모 가족</strong>에게...</dd>]', '[<dd>\'2019 <strong class=""hl"">모두하나대축제</strong>\' 포스터 /서울특별시 <strong class=""hl"">한부모가족</strong>지원센터 <strong class=""hl"">한부모가족</strong> 인식개선을 위한\xa0\'2019 <strong class=""hl"">모두하나대축제</strong>\'가 오는 19일 광화문 북측광장에서 열린다. <strong class=""hl"">한부모가족</strong>이 차별 없이 당당하게 생활할 수 있는 사회 환경...</dd>]', '[<dd>\xa0<strong class=""hl"">한부모가족</strong>이 차별 없이 당당하게 생활할 수 있는 사회 환경 마련을 위한 <strong class=""hl"">한부모</strong> 인식개선 축제 ‘2019 <strong class=""hl"">모두하나대축제</strong>’가 19일 광화문 북측광장에서 진행된다. 서울시가 주최하고 서울시<strong class=""hl"">한부모가족</strong>지원센터가...</dd>]', '[]', '[]', '[]']"
0,응봉산해맞이축제,"['[]', '[<dd>새해 첫 날 ‘<strong class=""hl"">응봉산 해맞이 축제</strong>’는 성동구 주민들의 안녕과 행복을 기원하고 도시브랜드 향상을 위해 매년 개최하고 있다. 축제에는 스마트포용도시에 걸맞게 드론을 이용해 하늘인사를 하고 풍물패 및 전자현악 공연...</dd>]', '[<dd>새해 첫 날 ‘<strong class=""hl"">응봉산 해맞이 축제</strong>’는 성동구 주민들의 안녕과 행복을 기원하고 도시브랜드 향상을 위해 매년 개최하고 있다. 축제에는 스마트포용도시에 걸맞게 드론을 이용해 하늘인사를 하고 풍물패 및 전자현악 공연...</dd>]', '[<dd>성동구(구청장 정원오)는 기해년(己亥年) 새해 첫 날 1일 오전 7시 <strong class=""hl"">응봉산</strong>에서 <strong class=""hl"">해맞이 축제</strong>를 개최했다. <strong class=""hl"">응봉산</strong> 팔각정은 한강과 서울숲 등 서울 동부권의 모습을 한 눈에 내려다 볼 수 있는 도심 속 최고의 일출 명소로...</dd>]', '[<dd>성동구는 ‘<strong class=""hl"">응봉산 해맞이 축제</strong>’를 1일 오전 7시 응봉산 팔각정에서 시작한다. 소망풍선 날리기 등의 프로그램이 준비돼 있다. 성북구는 개운산공원 운동장에서‘기해년 성북 해맞이 행사’를 마련한다. 대북공연과...</dd>]', '[<dd>서울 성동구는 기해년(己亥年) 새해 첫날인 지난 1일 오전 7시 <strong class=""hl"">응봉산</strong>에서 <strong class=""hl"">해맞이 축제</strong>를 개최했다고 2일 밝혔다. <strong class=""hl"">응봉산</strong> 팔각정은 한강과 서울숲 등 서울 동부권의 모습을 한 눈에 내려다 볼 수 있는 도심 속 최고의 일출...</dd>]', '[<dd>1일 <strong class=""hl"">해맞이</strong> 행사가 열린다. 온 산이 개나리꽃으로 노랗게 물드는 봄날에는 개나리<strong class=""hl"">축제</strong>가 펼쳐진다. 여름이 되면 동네 주민을 비롯해 야경 사진을 찍는 사람들, 한밤의 데이트를 즐기려는 연인들이 <strong class=""hl"">응봉산</strong> 공원으로...</dd>]', '[<dd>(강북구는 북한산 시단봉에서 시민들과 함께 하는 <strong class=""hl"">해맞이</strong> 행사를 열고, 성동구는 <strong class=""hl"">응봉산</strong> 팔각정에서 일출을... 종로구 청운공원에서도 <strong class=""hl"">해맞이 축제</strong>를 열고 주민 화합과 건강을 기원할 예정입니다.) 서울지역 산과 공원...</dd>]', '[<dd><strong class=""hl"">응봉산</strong> 팔각정, 서대문구 안산봉수대와 인왕산, 경기도 구리와 서울 광진구의 경계에 있는 아차산 <strong class=""hl"">해맞이</strong>광장... 눈꽃산행 장소로는 겨울마다 눈꽃<strong class=""hl"">축제</strong>가 벌어지는 태백산, 평창 대관령, 덕유산 등이 꼽힌다. 그 중 덕유산은...</dd>]', '[<dd>상암동 하늘공원?억새<strong class=""hl"">축제</strong>로 유명한 상암동 하늘공원은 서울 서쪽의 떠오르는 <strong class=""hl"">해맞이</strong> 명소다.?도심 속에... 성동구 <strong class=""hl"">응봉산</strong>??<strong class=""hl"">응봉산</strong>은 규모가 크지는 않지만 서울 시내에 위치해서 접근성이 좋다.?한강과 서울숲을 한눈에...</dd>]']"
0,전쟁기념관어린이날문화축제,"['[]', '[<dd><strong class=""hl"">전쟁기념관</strong>은 다음 달 5일 제97회 <strong class=""hl"">어린이날</strong>을 맞아 다채로운 공연과 체험 행사가 가득한 ‘<strong class=""hl"">어린이날 문화축제</strong>’를 개최한다고 25일 밝혔다. 행사는 <strong class=""hl"">어린이날</strong> 오전 9시30분부터 오후 4시까지 진행한다. 선착순 1000명의...</dd>]', '[]', '[]', '[]', '[]', '[<dd><strong class=""hl"">어린이날</strong>을 맞아 5일 오후 서울 용산구 <strong class=""hl"">전쟁기념관</strong> 평화광장에서 열린 \'<strong class=""hl"">어린이날 문화축제</strong>\'에서 수방사 헌병단의 모터 사이카 퍼레이드가 펼쳐지고 있다. 사진=박범준 기자</dd>]', '[]', '[]', '[]']"
0,지구촌나눔한마당,"['[]', '[<dd>화합하며 <strong class=""hl"">나눔</strong>을 실천하자는 취지로 퍼포먼스를 마련했다. 또한 공동체 활동 우수사례를 공유하는 \'우리마을자랑대회\'를 열어 ▲최우수상인 어울림상에 <strong class=""hl"">지구촌</strong>문화공동체(대표 김광애) ▲감동상에 창덕마을공동체 해봄...</dd>]', '[]', '[<dd>화합하며 <strong class=""hl"">나눔</strong>을 실천하자는 취지로 퍼포먼스를 마련했다. 2019년 광양시 마을공동체 <strong class=""hl"">한마당</strong> 성료 또한 공동체 활동 우수사례를 공유하는 \'우리마을자랑대회\'를 열어 ▲최우수상인 어울림상에 <strong class=""hl"">지구촌</strong>문화공동체(대표...</dd>]', '[]', '[]', '[]', '[]', '[<dd>대전시가 시민과 외국인주민들을 위한 <strong class=""hl"">지구촌</strong> 축제를 개최한다. 이달 26일 오전 10시 보라매공원에서 대전시민과 외국인들이 함께하는 주민 소통·화합·<strong class=""hl"">나눔</strong> 축제 \'제11회 세계인 어울림 <strong class=""hl"">한마당</strong>\'개최된다. 행사는 전 세계...</dd>]', '[]']"
0,아차산해맞이축제,"['[]', '[<dd>새해 <strong class=""hl"">해맞이</strong> 장소로도 인기가 높다. 올해 추석 <strong class=""hl"">아차산</strong>에서 보름달을 볼 수 있는 시간은 13일\xa018시 37분로... 석촌호수는 해마다 벚꽃 <strong class=""hl"">축제</strong>로 많은 사람들이 찾는 곳이기도 하다. 이번 추석 보름달은 18시 37분에 볼 수 있다....</dd>]', '[<dd>서울 광진구가 2019년 황금돼지의 해 기해년(己亥年)을 맞아 내년 1월1일 오전 7시부터 아차산 해맞이 광장에서 <strong class=""hl"">아차산 해맞이 축제</strong>를 개최한다고 27일 밝혔다. 구는 해맞이 등산객을 위해 새해를 축하하는 문화공연과 새해...</dd>]', '[]', '[]', '[<dd>▲ 2018년 1월 1일 <strong class=""hl"">아차산 해맞이 축제</strong> 모습 [업코리아] 광진구가 2019년 황금돼지의 해 기해년을 맞아 오는 2019년 1월 1일 오전 7시부터 아차산 해맞이 광장에서\'2019년 <strong class=""hl"">아차산 해맞이 축제</strong>\'를 개최한다. 서울의 가장 동쪽에...</dd>]', '[]', '[]', '[]', '[]']"
0,하늘공원해맞이행사,"['[]', '[<dd>이후 1981년 다도해해상국립<strong class=""hl"">공원</strong>으로 지정돼 편백나무 숲이 훼손되지 않았다. 수령 100년에 이르는 국내에서... 매년 1월 1일 남열 해수욕장에서 새해 <strong class=""hl"">해맞이 행사</strong>도 열린다. #전국 제일의 유자 산지 고흥...내년은 고흥방문의...</dd>]', '[<dd>슬쩍 얼굴을 내미는가 싶던 태양은 어느새 거침없이 <strong class=""hl"">하늘</strong>로 솟구친다. 무언가를 기 다리는 심정이 영겁의... 호미곶에서 <strong class=""hl"">해맞이</strong> 축제가 열린다. 불꽃쇼, 음악회, 떡국 나눠 먹기 등 다양한<strong class=""hl"">행사</strong>가 진행된다. 근처...</dd>]', '[<dd>이때쯤이면 곱던 단풍은 가고 없지만, 만추의 청명한 <strong class=""hl"">하늘</strong>과 찬바람에 흩날리는 낙엽 따라 낭만적인 여행을... 이곳은 매년 1월 1일 대덕구 <strong class=""hl"">해맞이 행사</strong>를 하는 곳이다. 브런치 메뉴는 송이떡국, 만두샐러드, 고르곤...</dd>]', '[<dd>마포구(구청장?유동균)가?2019년?기해년(己亥年)?황금?돼지띠의?해를?맞아?월드컵<strong class=""hl"">공원</strong>?내?<strong class=""hl"">하늘공원</strong>에서?&lt;2019년?<strong class=""hl"">해맞이</strong>?<strong class=""hl"">행사</strong>&gt;를?개최한다고?28일?밝혔다. <strong class=""hl"">하늘공원</strong>은?서울의?대표적인?해돋이?명소이자?생태<strong class=""hl"">공원</strong>으로?훌륭한?...</dd>]', '[]', '[]', '[]', '[]', '[<dd>중랑구 봉화산(정상), 강서구 개화산(정상), 구로구 매봉산(정상), 서초구 우면산(소망탑), 강동구 일자산(<strong class=""hl"">해맞이</strong> 광장) 등에서도 <strong class=""hl"">해맞이 행사</strong>를 연다. 마포구 <strong class=""hl"">하늘공원</strong>(정상)에서는 매년 약 1만명이 참석하며, 등산로...</dd>]']"
0,응봉산개나리축제,"['[]', '[<dd><strong class=""hl"">응봉산</strong>은 중랑천이 한강과 합류하는 입지여건으로 인해 한강조망 포인트로서도 유명하며 특히 봄철 <strong class=""hl"">개나리축제</strong>를 통해 많은 시민들이 즐겨 찾는 관광명소다. 한편 정월 대보름에 주민들이 이곳에 올라가 달을 맞이했다는...</dd>]', '[<dd>성동구(구청장 정원오)는 봄의 전령사 노란색 개나리가 아름답게 핀 응봉산에서 오는 3월 29일부터 31일까지 ‘제22회 <strong class=""hl"">응봉산 개나리 축제</strong>’를 개최한다. 구는 이번 축제 주제를 ‘환경과 미래, 응봉산과 지구를 잇다’로...</dd>]', '[]', '[]', '[]', '[]', '[<dd>▲사진= 지난해 <strong class=""hl"">응봉산 개나리축제</strong> 모습 성동구는 봄의 전령사 노란색 개나리가 아름답게 핀 응봉산에서 오는 29일부터 31일까지 ‘제22회 <strong class=""hl"">응봉산 개나리 축제</strong>’를 개최한다. 구는 이번 축제 주제를 ‘환경과 미래, 응봉산과...</dd>]', '[]', '[]']"
0,C-Festival(씨페스티벌),"['[]', '[<dd>이희선 기자 5월, 축제의 서막을 열었던 <strong class=""hl"">씨페스티벌</strong>(<strong class=""hl"">C-Festival</strong>)이 성황리에 마무리되었다. 삼성동 무역센터 코엑스 일대에서 5회차를 맞는 본 행사는 단순 소비를 위한 축제를 넘어, 청년 스타트업 기업을 참여시킴으로써...</dd>]', '[]', '[]', '[]', '[]', '[<dd><strong class=""hl"">씨페스티벌</strong>(<strong class=""hl"">C-Festival</strong> 2019)을 개최한다. <strong class=""hl"">씨페스티벌</strong>은 대한민국 최대 민·관협업 마이스 행사다. 공연... 우수 스타트업 3개사가 참여하는 \'<strong class=""hl"">씨</strong>-스타\'(CMC(코엑스 MICE 클러스터 위원회)×스타트업)는 코엑스 광장과...</dd>]', '[]', '[]', '[]']"
0,자연휴양림휴문화한마당,"['[]', '[<dd>산림청은 국립<strong class=""hl"">자연휴양림</strong> 30주년을 맞아 나무와 숲이 우리에게 주는 혜택을 올바로 알고 체험할 수 있는 \'<strong class=""hl"">자연휴양림</strong> 30주년 기념 <strong class=""hl"">휴 문화 한마당</strong> 및 숲 교육 어울림 행사\'를 오는 24~26일 3일간 서울 양재 시민의 숲...</dd>]', '[<dd>산림청(청장 김재현)은 국립<strong class=""hl"">자연휴양림</strong> 30주년을 맞이해 나무와 숲이 우리에게 주는 혜택을 올바로 알고 체험할 수 있는 국내 최대 숲<strong class=""hl"">문화</strong> 축제 ‘<strong class=""hl"">자연휴양림</strong> 30주년 기념 <strong class=""hl"">휴문화 한마당</strong> 및 숲교육 어울림 행사’를...</dd>]', '[]', '[]', '[]', '[]', '[<dd>이\xa0행사는 <strong class=""hl"">자연휴양림</strong>이 올해로 숲 30주년을 맞아 치러진\xa0축제의 <strong class=""hl"">한마당</strong> 잔치다.\xa0이날 숲의 가치와 소중함이\xa0널리 일깨워지면서\xa0\'숲교육 어울림\'에\xa0<strong class=""hl"">휴문화 한마당</strong>이\xa0통합을 기한\xa0<strong class=""hl"">문화</strong> 축제의 하나로 부상됐다.\xa0전국...</dd>]', '[]', '[]']"
0,서울드럼페스티벌,"['[]', '[<dd>기존 \'<strong class=""hl"">서울드럼페스티벌</strong>\'(5월·봄)과 \'인디음악축제\'(9~10월·가을)와 함께 여름에는 \'서울국악축제\'(6월)와 \'한강썸머 뮤직페스티벌\'(8월), 가을엔 \'서울뮤직페스티벌\'(9~10월), 겨울엔 \'서울클래식음악축제\'(11~12월)가...</dd>]', '[]', '[]', '[]', '[]', '[<dd>기존 \'<strong class=""hl"">서울드럼페스티벌</strong>\'(5월, 봄)과 \'인디음악축제\'(9~10월, 가을)와 함께 여름에는 \'서울국악축제\'(6월)와 \'한강썸머 뮤직페스티벌\'(8월), 가을엔 \'서울뮤직페스티벌\'(9~10월), 겨울엔 \'서울클래식음악축제\'(11월~12월)가...</dd>]', '[]', '[]', '[]']"
0,신촌뷰티페스티벌,"['[]', '[<dd>뮤지컬은 물론 연극과 음악 공연, 각종 <strong class=""hl"">페스티벌</strong>까지 곳곳의 행사에 방문하는 수요가 높게 나타나고 있다.... 미용 학원 올댓<strong class=""hl"">뷰티</strong>아카데미는 강남 미용 학원과 <strong class=""hl"">신촌</strong>(이대), 홍대, 부산(서면), 대구, 인천, 대전 미용...</dd>]', '[<dd>청춘 <strong class=""hl"">페스티벌</strong>: 홍대야놀자 in 남이섬’이 오는 7일과 8일 3주차를 맞이한다. 레이지본, <strong class=""hl"">뷰티</strong>핸섬, 언어의정원... <strong class=""hl"">신촌</strong>타이거즈-남이섬어쿠스틱청춘<strong class=""hl"">페스티벌</strong>. 사진제공=남이섬교육문화그룹 오리엔탈쇼커스는 브라스...</dd>]', '[]', '[]', '[]', '[]', '[<dd>2주차를 맞은 지난 주말에는 오리엔탈쇼커스,\xa0두왑사운즈,\xa0중국 뮤지션\xa0HAMA(하마),\xa0<strong class=""hl"">신촌</strong>타이거즈... 레이지본,\xa0<strong class=""hl"">뷰티</strong>핸섬,\xa0언어의정원,\xa0블루파인,\xa0정흠밴드가 무대에 오를 예정이다. ‘남이섬 어쿠스틱 청춘 <strong class=""hl"">페스티벌</strong>...</dd>]', '[]', '[]']"
0,커플런,"['[]', '[<dd>더불어 덴티스테는 2020년 2월 8일 방콕에서 열리는 홀딩핸즈런(커플 단거리 마라톤)에 참여할 한국 대표를 모집하며, 당첨된 커플에게는 태국 현지 행사의 <strong class=""hl"">커플런</strong> 참가권과 항공권, 숙식 등 3박 5일 태국 여행 비용...</dd>]', '[<dd>내년 2월에 진행되는 홀딩핸즈런은 2017년부터 덴티스테 태국본사에서 매년 진행하는 <strong class=""hl"">커플런</strong>으로, 일반적인... 당첨된 커플에게는 태국 현지 행사의 <strong class=""hl"">커플런</strong> 참가권과 항공권, 숙식 등 3박5일 태국 여행 비용 전액이...</dd>]', '[]', '[]', '[]', '[]', '[<dd>홀딩핸즈런은 2017년부터 덴티스테 태국본사에서 매년 진행하는 <strong class=""hl"">커플런</strong>으로, 일반적인 달리기 행사와는... 당첨된 커플에게는 태국 현지 행사의 <strong class=""hl"">커플런</strong> 참가권과 항공권, 숙식 등 3박5일 태국 여행 비용 전액이...</dd>]', '[]', '[]']"
0,압구정로데오힐링페스티벌,"['[]', '[<dd>사진=현대백화점 제공 현대백화점은 전국 15개 백화점과 6개 아울렛에서 \'추석 연휴 <strong class=""hl"">힐링 페스티벌</strong>\'을... <strong class=""hl"">압구정로데오</strong>역 인근에 위치한 갤러리아 명품관에서는 웰니스(Wellness) 트렌드에 맞춰 이탈리아 하이엔트...</dd>]', '[<dd>경희MICE창조아카데미(이하 아카데미)에 지원하게 된 계기가 궁금합니다.축제 기획에 관심이 많은 저는 \'<strong class=""hl"">압구정로데오 힐링페스티벌</strong>\', \'2017 정동야행\', \'2017 물순환 시민 문화제\' 등 다양한 행사에서 주최 및 기획단으로...</dd>]', '[<dd>16일 <strong class=""hl"">압구정로데오</strong>에서 강남구 정순균 구청장 및 구민들, 사랑의 쌀나눔운동본부와 함께 김장 2000포기를 담가 한솥도시락을 통해 지역 저소득층에 기부, 했으며 한국폭력학대예방협회(KAVA)의 청소년 <strong class=""hl"">힐링</strong>콘서트...</dd>]', '[<dd>10월 1일부터 3일까지 <strong class=""hl"">압구정 로데오</strong>거리 일대에서는 \'강남 패션<strong class=""hl"">페스티벌</strong>\'이 열린다. 올해로 10년의... 민속<strong class=""hl"">힐링</strong>캠프, 황토마을 등이 있다. 횡성한우축제 2016, 대한민국을 대표하는 전국 최고의 한우축제 행사기간...</dd>]', '[<dd>■ <strong class=""hl"">압구정로데오 힐링페스티벌</strong> 2016 서울특별시 강남구 (압구정 로데오거리) / 2016.05.06 ~ 2016.05.07 <strong class=""hl"">압구정로데오 힐링페스티벌</strong>은 [패션페스티벌] [거리예술공연] [놀이체험부스] 등 다채로운 즐길 거리와 함께 경품...</dd>]', '[<dd>11일 서울 강남구 신사동 로데오거리 일대에서 열린 \'2015 <strong class=""hl"">압구정 로데오 힐링 페스티벌</strong>\'에서 거리공연이 펼쳐지고 있다. 2015.12.11 ryousanta@yna.co.kr &lt;저작권자(c) 연합뉴스, 무단 전재-재배포 금지&gt;</dd>]', '[]', '[]', '[<dd>■<strong class=""hl"">압구정 로데오 힐링 페스티벌</strong> 서울특별시 강남구 압구정로 / 2015.12.11 ~ 2015.12.12 강남구청이 후원하는 12월 축제, 2015 <strong class=""hl"">압구정 로데오</strong> \'<strong class=""hl"">힐링페스티벌</strong>\'이 오는 12월 11일(금), 12일(토) 양일 간 압구정 로데오거리에서...</dd>]']"
0,땡큐페스티벌(ThankUFestival),"['[]', '[]', '[]', '[]', '[]', '[]', '[]', '[]', '[]', '[]']"
0,불꽃곰신페스티벌,"['[]', '[<dd>한화그룹은 남자친구를 군대에 보낸 여자친구를 위한 \'<strong class=""hl"">불꽃 곰신</strong>(고무신) <strong class=""hl"">페스티벌</strong>\'을 개최하고 있다. 군인 외에도 사회적으로 귀감이 되는 인물에 대한 지원에 나서는 기업들도 있다. LG그룹은 \'LG의인(義人)상\'을 제정해...</dd>]', '[<dd>이밖에 CJ가 재능기부로 군 홍보물 디자인을 개선하고, 한화는 남자친구를 군대에 보낸 여자친구를 위한 \'<strong class=""hl"">불꽃곰신 페스티벌</strong>\'을 개최하며 문화 분야에서도 노력을 이어가고 있다. 전경련 이용우 사회본부장은 ""우리...</dd>]', '[]', '[]', '[]', '[]', '[<dd>한화, 남자친구 군대에 보낸 여자친구를 위한 \'<strong class=""hl"">불꽃곰신 페스티벌</strong>\' 개최 △ 롯데백화점, Honors week 제정, 백화점에 호국안보 전시전, 군생활 체험 부스 마련 [본 기사는 월간 경제풍월 제207호 (2016년 11월호) 기사입니다]</dd>]', '[<dd>한화그룹은 6월 호국보훈의 달을 맞아 18일 서울 이대역 앞에서 ‘<strong class=""hl"">불꽃곰신 페스티벌</strong>’을 개최했다. ‘고무신을 날려라’ 이벤트에 참가한 여성들이 신발을 멀리 벗어 던지고 있다. ‘곰신’은 군대 간 남자...</dd>]', '[<dd>▼ 한화그룹, 18일 이대앞서 ‘곰신 페스티벌’ ▼ 한화그룹은 호국보훈의 달을 맞아 국군장병 가족이나 연인을 위해 18일 오후 6시 이화여대 앞 ‘썸타는 계단(대현문화공원)’에서 ‘<strong class=""hl"">불꽃곰신 페스티벌</strong>’을 연다고...</dd>]']"
0,아트업페스티벌,"['[]', '[<dd>이번 <strong class=""hl"">페스티벌</strong>에서는 폐자원·폐자재를 활용한 다양한 업사이클 작품이 전시된다. 이번 행사는 \'업사이클 시티\'를 주제로 \'라이프 업\', \'<strong class=""hl"">아트 업</strong>\', \'시민참여프로그램\' 등 3개의 세부 섹션으로 구성됐다. \'라이프 업...</dd>]', '[<dd>또한 \'미술관의 밤\', \'드로잉 <strong class=""hl"">페스티벌</strong>\' 등 미술주간 연계 프로그램을 진행하거나 무료입장, 입장료 할인... 출처: LSIK, \'PACK 2019\' 행사 포스터·weenu, \'<strong class=""hl"">아트업</strong> 마켓\' 행사 포스터 이외 \'2019 작가미술장터\'에서도 미술품을...</dd>]', '[<dd>하나의 <strong class=""hl"">페스티벌</strong>이라는 즐거운 방식으로 독립예술을 조명한다는 점이 내 마음을 이끌었다.... <strong class=""hl"">아트업</strong> 서울이라는 공간인데 예술공간에 대한 관심이 있는 분들은 찾아가 보는 것도 좋을 듯 하다. 문화비축기지에서...</dd>]', '[<dd>업사이클 <strong class=""hl"">페스티벌</strong> 류(流)’ 행사가 내일(24일)부터 29일까지 청계천 청계광장~광통교 일대에서 개최됩니다. 이번 행사는 ‘꽃의 환상`이라는 주제로 ‘ART UP’(<strong class=""hl"">아트 업</strong>), ‘LIFE UP’(라이프 업), ‘시민참여프로그램...</dd>]', '[]', '[]', '[]', '[]', '[<dd>작가 미술장터로는 예술산책:길에서 만난 미술, 부산 랩 아트페어, 그림도시, 퍼폼 2019, ART369, 블라인드 포스터전 2019, 더스트 사우스아트 <strong class=""hl"">페스티벌</strong>, <strong class=""hl"">아트업</strong> 마켓, 유니온 아트페어, 연희동 아트페어 등이 있다. 더...</dd>]']"
0,영등포여의도봄꽃축제,"['[]', '[<dd>25일 서울 <strong class=""hl"">영등포</strong>구에 따르면 4월 5일부터 11일까지 국회 뒤편 여의서로와 한강둔치 축구장 일대에서 제15회 <strong class=""hl"">영등포 여의도 봄꽃축제</strong>가 열린다. 이번 <strong class=""hl"">축제</strong>는 ‘꽃이 피면, 봄이 온다’라는 주제로 열린다. 여의서로 1.7...</dd>]', '[]', '[]', '[]', '[]', '[<dd>휴일인 7일 서울 <strong class=""hl"">여의도</strong>에서 열린 \'2019 <strong class=""hl"">영등포 여의도 봄꽃축제</strong>\'를 찾은 시민들이 윤중로에 만개한 벚꽃길을 걸으며 봄을 즐기고 있다.<strong class=""hl"">여의도 봄꽃축제</strong>는 오는 11일까지 윤중로 일대에서 열린다. 사진=김범석 기자 /사진...</dd>]', '[<dd>버스 막차운행 정보는 서울교통정보센터 \'토피스\' 홈페이지 또는 120 다산콜센터에서 확인할 수 있다. 아울러 도로통제 및 <strong class=""hl"">축제</strong> 상세 정보는 \'2019 <strong class=""hl"">영등포 여의도 봄꽃축제</strong>\'에서 확인 가능하다.</dd>]', '[]', '[]']"
0,어린이벼룩시장,"['[]', '[<dd>올해 2회째를 맞은 \'동인천 낭만<strong class=""hl"">시장</strong>\'은 낭만 콘서트 등 다양한 볼거리와 체험을 제공했으며 <strong class=""hl"">어린이</strong>들과 지역민들이 참여한 <strong class=""hl"">어린이 벼룩시장</strong> 등 80여개 팀이 참가해 의미를 더했습니다. 이와 함께 송현<strong class=""hl"">시장</strong>을 비롯해...</dd>]', '[]', '[]', '[]', '[<dd>올해로 2회째 개최되는 \'동인천 낭만<strong class=""hl"">시장</strong>\'은 낭만거리, 낭만랜드, 낭만 콘서트 등 다양한 체험과 볼거리를 제공했으며, <strong class=""hl"">어린이</strong>들과 지역민들이 직접 참여한 <strong class=""hl"">어린이 벼룩시장</strong>과 레트로 마켓에서는 쌀쌀한 날씨에도 80여개...</dd>]', '[]', '[]', '[<dd>계룡시 엄사중앙<strong class=""hl"">어린이</strong>공원에서 ‘청소년 <strong class=""hl"">벼룩시장</strong>‘이 열린 가운데 청소년들이 집에서 갖고 나온 물품을 팔고 있다. [사진=계룡시청] <strong class=""hl"">벼룩시장</strong>과 함께 청소년 동아리의 장기자랑, 간식먹거리 판매부스 등 다양한...</dd>]', '[]']"
0,라이프플러스피크닉페스티벌,"['[]', '[<dd>브랜드 <strong class=""hl"">라이프플러스</strong>가 현대 도시인과 도시의 다가올 삶에 주목하는 것은 바로 이런 이유 때문이다. ‘벚꽃<strong class=""hl"">피크닉</strong>’, ‘시네마위크’와 같이 문화∙예술 이벤트가 결합된 <strong class=""hl"">페스티벌</strong>이 현재의 삶을 풍요롭게 누릴 수...</dd>]', '[<dd>\'<strong class=""hl"">라이프플러스</strong> 벚꽃<strong class=""hl"">피크닉 페스티벌</strong>\' 4월13일~14일 개최 지난해 진행된 \'<strong class=""hl"">라이프플러스</strong> 사계절 <strong class=""hl"">페스티벌</strong>\' &lt;사진=한화생명&gt; [위클리오늘=신민호 기자] 한화생명이 \'2019 <strong class=""hl"">라이프플러스</strong>(LIFEPLUS) 사계절 <strong class=""hl"">페스티벌</strong>\'을...</dd>]', '[]', '[]', '[]', '[]', '[<dd>올해로 4회를 맞이하는 \'<strong class=""hl"">라이프플러스</strong> 벚꽃<strong class=""hl"">피크닉페스티벌</strong>\'은 매년 4만 여명이 찾을 정도로 그 인기가 대단하다. 14일 공연은 무료로 진행돼 누구든 참여할 수 있다. 콘서트 이외에도 벚꽃<strong class=""hl"">피크닉</strong>에 다양한 즐길 거리가...</dd>]', '[<dd>올해 4회째인 ‘<strong class=""hl"">라이프플러스</strong> 벚꽃<strong class=""hl"">피크닉페스티벌</strong>’은 해마다 4만여명 찾는 봄 행사로 자리잡았다. 13일(토) 유료공연 관람 티켓 판매는 지난달 21일부터 YES24, 티몬을 통해 판매를 시작했다. 14일(일) 공연은 무료로...</dd>]', '[]']"
0,서울자전거대행진,"['[]', '[<dd><strong class=""hl"">자전거 대행진</strong> 코스(약 20km) : 잠실학생체육관(출발) → 퍼레이드 진행(약 10Km) → 동작대교 교차로(반환점) → 퍼레이드 진행(약 10Km) → 잠실학생체육관(도착) 27일 <strong class=""hl"">서울</strong>시교육청에 따르면, <strong class=""hl"">자전거 대행진</strong>은 오는 28일...</dd>]', '[]', '[]', '[]', '[]', '[<dd>펼친후 <strong class=""hl"">서울</strong> 올림픽공원에서 해산하게 된다. 평화통일 염원 <strong class=""hl"">자전거대행진</strong>은 DMZ분단의 아픔을 극복하고 개성공단의 활성화와 금강산의 평화적 이용을 통해 남북간 점진적인 발전과 소통을 기원하며 궁극적으로는...</dd>]', '[<dd>9일 오전 서울 종로구 광화문광장에서 열린 \'<strong class=""hl"">서울 자전거대행진</strong>\' 참가자들이 힘차게 출발하고 있다. 2019.06.09. mangusta@newsis.com</dd>]', '[]', '[]']"
0,한강서래섬유채꽃축제,"['[]', '[<dd><strong class=""hl"">한강</strong>공원 <strong class=""hl"">서래섬</strong> \'<strong class=""hl"">유채꽃</strong> 만개\'…나들이객 북적 연일 초여름 같은 날씨가 이어지면서 전국 곳곳에는 예쁜... 이곳에서는 봄<strong class=""hl"">꽃 축제</strong>의 화사한 분위기를 더해주는 다양한 행사도 열리고 있는데요. 포크와 재즈 장르 음악의...</dd>]', '[]', '[]', '[]', '[]', '[<dd>서울시 한강사업본부는 11~12일 반포한강공원 서래섬 일대에서 \'2019 <strong class=""hl"">한강 서래섬 유채꽃 축제</strong>\'를 개최한다고 10일 밝혔다. \'유채꽃밭 즐기기 테마 포토존\'에는 유채꽃을 주제로 한 구조물이 설치됐다. 시민 자작...</dd>]', '[]', '[]', '[]']"
0,필스너스프링페스트,"['[]', '[<dd>하이네켄은 19, 20일 서울 올림픽공원에서 열리는 서울재즈페스티벌을 후원하고, 지난해 서울 코엑스에서 ‘<strong class=""hl"">필스너 스프링 페스트</strong>’를 열었던 필스너우르켈은 규모를 키워 올림픽공원에서 내달 16, 17일 열리는 ‘필스너...</dd>]', '[<dd>필스너 우르켈, <strong class=""hl"">필스너 스프링 페스트</strong> 개최. 사진=필스너 우르켈 제공 필스너 우르켈 19일 서울 삼성동 코엑스 동쪽 광장에서 필스너 우르켈 맥주 페스티벌 ‘<strong class=""hl"">필스너 스프링 페스트</strong>’가 열리고 있다. ‘필스너...</dd>]', '[]', '[]', '[]', '[]', '[<dd>【서울=뉴시스】 배우 하석진이 20일 서울 강남구 코엑스 동쪽 광장에서 열린 \'<strong class=""hl"">필스너 스프링 페스트</strong>\' 비어토크 기념 포토행사에 참석해 포즈를 취하고 있다. ‘<strong class=""hl"">필스너 스프링 페스트</strong>’는 진행되는 3일...</dd>]', '[]', '[]']"
0,서울디저트페어,"['[]', '[<dd>◆맨온더분-유니<strong class=""hl"">페어</strong> 협업 \'구두 컬렉션\' 신세계인터내셔날의 자체 남성 편집숍맨온더분(MAN ON THE BOON)은... 대용이나 <strong class=""hl"">디저트</strong>로 즐길 수 있는 상품이다. 기존 샌드위치와는 다르게 토핑이 빵 속에 들어있는 형태로, 손에...</dd>]', '[<dd>유명 디저트 맛집들이 모이는 디저트 축제\xa0‘<strong class=""hl"">서울디저트페어</strong>’가 ‘서디페 POPUP’이라는 타이틀로 오는 12 월 5 일부터 8 일까지 일산 킨텍스에서 개최되는 ‘코리아 크리스마스페어 2019’ 에 참가한다....</dd>]', '[<dd>이번 현장수업은 각종 제과 제빵 및 <strong class=""hl"">디저트</strong>를 비롯하여 커피 및 주류, 원부재료, 서비스, 교육 등 모든 것을 제공해주는 국내 최대의 <strong class=""hl"">디저트 페어</strong>인 2019. <strong class=""hl"">서울디저트</strong>쇼(SIBA)에서 한국호텔관광고 조리과 학생들이 조리...</dd>]', '[<dd>국내외 유명 디저트 맛집들이 모이는 디저트 축제,\xa0\'<strong class=""hl"">서울디저트페어</strong>\'가 \'서디페 POPUP\'이라는타이틀로 오는 12 월 5 일부터 8 일까지 일산 킨텍스에서 개최되는 \'코리아 크리스마스페어 2019\' 에 참가한다. <strong class=""hl"">서울디저트페어</strong>...</dd>]', '[]', '[]', '[]', '[]', '[<dd>지난 20 일 할로윈 시즌을 맞이해 개최된 ‘<strong class=""hl"">서울디저트페어</strong> 할로윈&amp;이색푸드’가 성황리에 종료됐다. <strong class=""hl"">서울디저트페어</strong>(이하’서디페’)는 19 일-20 일 주말동안 일산 KINTEX 제 2 전시장에서 진행되었으며 오직 할로윈...</dd>]']"
0,10초국제애니메이션페스티벌,"['[]', '[<dd>넘나들며 ‘<strong class=""hl"">10초 국제 애니메이션 페스티벌</strong>’ 등 새로운 시도를 선보이고 있는 ‘스튜디오쉘터’ 등에서 연사로 참여한다. 마지막 세션으로는 CJ ENM의 애니메이션 기획개발 파트너십 프로그램인 A:lab과 함께하는 유망...</dd>]', '[]', '[]', '[]', '[<dd>시간을 <strong class=""hl"">10초</strong> 전으로 되돌릴 수 있는 능력을 지닌 회사원 강민혁은 능력을 반복해서 쓰면 목숨이 위험해질 수... 이 <strong class=""hl"">애니메이션</strong>은 앞서 제19회 서울<strong class=""hl"">국제</strong>만화<strong class=""hl"">애니메이션페스티벌</strong>(SICAF)에서 처음공개돼 장편 부문 최고상...</dd>]', '[<dd>네이버 네이버문화재단 ‘온스테이지’, 세종문화회관 주최 ‘세종<strong class=""hl"">페스티벌</strong>X세종뮤직위크’에서 인디... 카카오키즈, 국내외 TV <strong class=""hl"">애니메이션</strong> 6종 새롭게 서비스. 국내 <strong class=""hl"">애니메이션</strong> ’뚝딱맨’, ‘터닝메카드W’ 시즌1....</dd>]', '[<dd>강민혁은 <strong class=""hl"">10초</strong>를 되돌릴 수 있는 능력이 있으나 자기 아내와 아이의 목숨을 살리지 못했다는 자책감에... 제 19회 서울<strong class=""hl"">국제</strong>만화<strong class=""hl"">애니메이션페스티벌</strong>(SICAF)에서 최고상인 장편부문 그랑프리를 수상하며 완성도와 작품성을...</dd>]', '[<dd>주연)은 <strong class=""hl"">10초</strong> 만에 매진됐다. BIFAN2017 홍기선 특별전 &lt;이태원 살인사건&gt;(위)과 그의 유작 &lt;일급기밀&gt;(아래)... &gt; 서울<strong class=""hl"">국제</strong>만화<strong class=""hl"">애니메이션페스티벌</strong> 아시아 최대 규모의 <strong class=""hl"">애니메이션 페스티벌</strong>인...</dd>]', '[<dd>미래를 꿈으로 예측하는 예지몽, 시간을 멈추는 타임스토퍼, 시간을 <strong class=""hl"">10초</strong> 전으로 되돌리는 타임리와인더... 제19회 서울<strong class=""hl"">국제</strong>만화<strong class=""hl"">애니메이션페스티벌</strong>(SICAF)에서 장편 부문 그랑프리를 수상했다. \'서툴지만, 사랑\' -감독...</dd>]']"
0,4.19혁명국민문화제,"['[]', '[<dd>10월 29일 오전 태안읍 백화산 교장바위 아래 동학농민<strong class=""hl"">혁명</strong>군 추모탑 광장에서 제29회 추모<strong class=""hl"">문화제</strong>가 열렸다.... 그 역사는 거대한 동아줄로 승화되어 \'기미독립만세운동\', \'<strong class=""hl"">4.19혁명</strong>\', \'부마항쟁, \'5.18광주민주화운동\', \'6월...</dd>]', '[<dd>동학농민<strong class=""hl"">혁명</strong> 125주년, 제19회 동학농민<strong class=""hl"">혁명</strong>군 충남 태안 추모<strong class=""hl"">문화제</strong>를 지내고 ▲ 태안군의회 의장 기면사... 그 역사는 거대한 동아줄로 승화되어 \'기미독립만세운동\', \'<strong class=""hl"">4.19혁명</strong>\', \'부마항쟁, \'5.18광주민주화운동\', \'6월...</dd>]', '[<dd>또, ""4.19혁명을 기념하기 위해 <strong class=""hl"">4.19혁명 국민문화제</strong>와 추모제 마라톤대회 등 다양한 계기 행사도 추진하겠다""고 덧붙였습니다. 공윤선 기자 (ksun@mbc.co.kr) ▶ [엠빅뉴스] 손흥민 선수 안나오는 영국 신문 없다....</dd>]', '[]', '[<dd>강북소방서(서장 장형순)는 18일 시민 스스로 이뤄낸 자유ㆍ민주ㆍ정의의 역사인 4.19 혁명을 계승하는 ‘<strong class=""hl"">4.19혁명 국민문화제</strong> 2019’ 행사에 참여했다. 이날 소방서는 주택용 소방시설 홍보 자동제세동기 사용법 소화기...</dd>]', '[<dd>활동이 활발해 도시재생활성화 사업이 필요한 지역이라는 설명이다. 지난 18일 서울 강북구청 인근에서 열린 \'<strong class=""hl"">4.19혁명</strong> 59주년 기념 <strong class=""hl"">국민문화제</strong> 전야제\'에서 시민들이 거리 재현 퍼레이드를 하고 있다. 사진/뉴시스</dd>]', '[<dd>업코리아, UPKOREA ▲ <strong class=""hl"">4.19혁명 국민문화제</strong> 2019 평가보고회장에서 발언하는 박겸수 강북구청장(왼쪽 두번째) [업코리아] 강북구가 \'4·19혁명 국민문화제 2019\'의 성과를 되짚는 평가보고회를 지난 28일 개최했다. 이날...</dd>]', '[<dd>또한 역사문화관광 도시 정책 사업비는 20억4000만원으로 60주년 기념 <strong class=""hl"">4.19혁명 국민문화제</strong> 개최, 근현대사기념관 운영, 3.1독립운동 재현행사 등 정책의 완성도 제고에 사용될 예정이다. 이밖에 구는 지역경제...</dd>]', '[<dd><strong class=""hl"">4.19 혁명</strong>공로자회장과 <strong class=""hl"">4.19</strong> 민주<strong class=""hl"">혁명국민문화제</strong>위원회 위원장 등을 역임했고 지난 2016년 2월 80세 나이로 별세해 <strong class=""hl"">4.19</strong> 묘지에 안장됐다. 문 의장은 이 전 대표에 대해 “자신의 고집을 꺾으면서 동시에 자기의 의지를...</dd>]']"
0,전통주와전통음식의만남축제,"['[]', '[<dd>먹거리 <strong class=""hl"">축제</strong>, 28일 로컬맛 여행의 재발견, 29일 서울과 로컬의 맛있는 <strong class=""hl"">만남</strong>, 30일 원데이푸드트립, 학교급식활성화 공동보고회, 31일 <strong class=""hl"">전통음식</strong> 교육, 11월 2일 청년층 식생활개선 프로그램이 시민들을 맞는다. 민간행사는...</dd>]', '[<dd>‘2019 소믈리에와 경북 <strong class=""hl"">전통주</strong>의 <strong class=""hl"">만남 축제</strong>’가 11월1일부터 3일까지 청송군 용전천변 현비암... 상주 은자골 탁배기◆상주 은자골 탁배기 막걸리는 술이 아니라 김치나 된장 같은 우리 고유의 <strong class=""hl"">전통</strong> 발효 <strong class=""hl"">음식</strong>이다. 최근...</dd>]', '[<dd>개최 초기에는 소비자를 찾아가는 <strong class=""hl"">축제</strong>로 시작하였으나 현재는 수도권 소비자들이 먼저 기다리는 도... 마련해 <strong class=""hl"">전통음식</strong>과 <strong class=""hl"">전통주</strong> 만들기를 체험할 수 있으며 김치 담그기, <strong class=""hl"">전통</strong> 농기구 체험 등 다양한 영양의 문화를...</dd>]', '[<dd>오는 10일~11일 남산골 한옥마을서 ‘2018 한국 식문화 <strong class=""hl"">축제</strong>’가 개최된다. [한국농어촌방송=정지혜기자]... \'2017 제10회 <strong class=""hl"">전통주와 전통음식의 만남</strong> 행사\'에서 외국인들이 술 전시를 참관하고 있다 또한 \'제 11회 <strong class=""hl"">전통주와</strong>...</dd>]', '[<dd>한국 <strong class=""hl"">전통</strong>식품 홍보 공간이다. 1층 <strong class=""hl"">전통주</strong>갤러리에는 전국 8도에서 생산하는 다양한 <strong class=""hl"">전통주</strong>가 빼곡히 전시돼... 오이소박이, 갓김치, 부각, 쌀엿강정 등 다양한 <strong class=""hl"">전통음식</strong>을 관련 식품명인이 직접 가르쳐준다. 체험시간은...</dd>]', '[<dd>본 <strong class=""hl"">축제</strong>는 전시, 시연, 시음, 시식과 <strong class=""hl"">전통</strong>공연, 체험, 경연대회 등 볼거리와 먹을거리등이 풍성해 외국인... 이 행사는 한국떡한과산업박람회 겸 <strong class=""hl"">전통주와 전통음식의 만남</strong>을 기본으로 (사)한국떡한과세계화협회와 (사)...</dd>]', '[<dd>제10회 <strong class=""hl"">전통주와 전통음식의 만남</strong> 농축산식품부와 한국농수산유통공사가 후원하고 (사)한국<strong class=""hl"">전통음식</strong>연구소가 주최, 주관하는 \'제 10회 <strong class=""hl"">전통주와 전통음식의 만남 축제</strong>\'가 서울 중구 소재, 남산골 한옥마을에서 5월18일...</dd>]', '[<dd>잊혀져 가는 <strong class=""hl"">전통주</strong> 문화를 되살리기 위한 \'2017 <strong class=""hl"">전통주와 전통음식의 만남 축제</strong>\'가 이날부터 19일까지 이틀간 한국<strong class=""hl"">전통음식</strong>연구소 주최로 열린다. 나쁜 것은 듣지 말라는 의미로 정월 대보름에 마시는 \'귀밝이술\', 여름의...</dd>]', '[]']"
0,한강물싸움축제,"['[]', '[<dd>2018년 진행된 \'한강워터피크닉-<strong class=""hl"">한강물싸움축제</strong>\'의 모습 제공=서울시 오는 주말 난지한강공원에서 물총싸움, 워터슬라이드 체험 등 무더위를 날려줄 \'워터피크닉\'이 진행된다. 서울시는 오는 8월 3일부터 4일까지 오전...</dd>]', '[]', '[]', '[]', '[]', '[<dd>4일 서울 마포구 난지한강공원에서 열린 ‘2019 한강몽땅 워터 피크닉 <strong class=""hl"">한강물싸움축제</strong>’에서 초록색 조끼를 입은 악당 무리를 시민들이 물총으로 퇴치하고 있다.</dd>]', '[]', '[]', '[]']"
0,충무공이순신탄신기념행사,"['[]', '[<dd>문화재청 현충사관리소는 28일 오전 아산 현충사에서 <strong class=""hl"">충무공 이순신</strong>장군의 숭고한 애국정신과 국난극복 의지를 선양하기 위해 <strong class=""hl"">충무공 이순신</strong>장군 <strong class=""hl"">탄신</strong> 제474주년을 <strong class=""hl"">기념</strong>하는 다례<strong class=""hl"">행사</strong>를 개최했다. 이날\xa0다례<strong class=""hl"">행사</strong>에는...</dd>]', '[]', '[]', '[]', '[]', '[<dd>문화재청 현충사관리소는 오는 28일 오전 11시 충남 아산시 현충사에서 \'<strong class=""hl"">충무공 이순신</strong>장군 <strong class=""hl"">탄신</strong> 제474주년 <strong class=""hl"">기념행사</strong>\'를 거행한다고 23일 밝혔다. 다례(茶禮)는 초헌관(初獻官, 현충사관리소장)의 분향‧헌작(술잔을 올림)...</dd>]', '[]', '[]', '[]']"
0,세종탄신기념문화행사,"['[]', '[<dd>송시열선생 <strong class=""hl"">탄신</strong> 412주년 <strong class=""hl"">기념</strong>으로,우향제와 전통<strong class=""hl"">문화행사</strong>가 동시에 열렸습니다. 우암송시열 선생은 우리가... 유성구 #충청남도 #공주시 #보령시 #논산시 #계룡시 #부여군 #서천군 #금산군 #<strong class=""hl"">세종</strong>시 #시민기자단 #시민기자단</dd>]', '[<dd><strong class=""hl"">문화</strong>재청 궁능유적본부 <strong class=""hl"">세종</strong>대왕유적관리소는 내일(15일) 오전 11시, 경기도 여주 <strong class=""hl"">세종</strong>대왕 영릉에서 <strong class=""hl"">세종</strong>대왕 <strong class=""hl"">탄신</strong> 622돌을 <strong class=""hl"">기념</strong>하는 숭모제전(崇慕祭典)을 봉행합니다. 숭모제전은 우리 역사상 가장 위대한 성군으로...</dd>]', '[<dd>▲사진= 지난해 <strong class=""hl"">행사</strong> 진행 모습 <strong class=""hl"">문화</strong>재청 궁능유적본부 경복궁관리소는 초등학생을 대상으로 하는... <strong class=""hl"">세종</strong>대왕 <strong class=""hl"">탄신</strong>일을 <strong class=""hl"">기념</strong>해 5월 11일과 12일 토·일요일에는 초등학교 1~3학년을 대상으로, 한글날을 <strong class=""hl"">기념</strong>해 10월 5일과...</dd>]', '[<dd>22.~28.)에는 전국에서 2052개 <strong class=""hl"">문화행사</strong>가 국민들과 만날 예정이다. 4월에는 도서관 주간과 세계 책의 날을... ▲ 또한, 충무공 <strong class=""hl"">탄신</strong> 474주년을 <strong class=""hl"">기념</strong>해 군악 연주와 해군 뮤지컬을 만나볼 수 있는 ‘2019년 대한민국 해군...</dd>]', '[]', '[]', '[]', '[]', '[<dd>22.~28.)에는 전국에서 2,052개 <strong class=""hl"">문화행사</strong>가 국민들과 만날 예정이다. 4월에는 도서관 주간과 세계 책의 날을... 또한, 충무공 <strong class=""hl"">탄신</strong> 474주년을 <strong class=""hl"">기념</strong>해 군악 연주와 해군 뮤지컬을 만나볼 수 있는 \'2019년 대한민국 해군 호국...</dd>]']"
0,희망의운동화나눔축제,"['[]', '[<dd><strong class=""hl"">희망의 운동화 나눔축제</strong>는 운동화에 평화와 희망의 이미지를 그려 해외 빈곤 청소년들에게 전달하는 전 세계적인 나눔 운동이다. 서울시는 2007년 내전의 후유증으로 고통 받는 우간다의 소년병들에게 5000켤레의 희망의...</dd>]', '[<dd>청소년들이 직접 그린 그림과 희망의 메시지를 담은 2000켤레의 운동화를 라오스 아이들에게 전달하는 \'2019 <strong class=""hl"">희망의 운동화 나눔축제</strong>\'가 8일 광화문광장에서 개최했다. 라오스는 2018년 댐 붕괴사고, 2019년 홍수 피해 등...</dd>]', '[]', '[]', '[]', '[]', '[<dd>올해로 13주년을 맞은 \'2019 <strong class=""hl"">희망의 운동화 나눔축제</strong>\'가 8일부터 9일까지 양일간 광화문 광장에서 개최된다. 라오스는 2018년 댐 붕괴사고, 2019년 홍수 피해 등 잦은 수해로 인해 많은 어린이와 청소년들이 아픔을 겪었다....</dd>]', '[]', '[]']"
0,빗물축제,"['[]', '[<dd>이번 박람회 주제는 \'내가 그린 건강한 세상, 착한소비 <strong class=""hl"">축제</strong>(페스티벌)\'이다. 국민 개인이 주체적으로... 환경형 사회적경제기업들은 공동으로 참여, 다육·관엽식물용 접는 화분, 골판지를 원료로 만든 장난감, 우산<strong class=""hl"">빗물</strong>...</dd>]', '[<dd>제18호 태풍 \'미탁\'의 영향으로 3일 오전 강원 강릉시 강릉아이스아레나에 <strong class=""hl"">빗물</strong>이 들어와 관계자들이 배수 작업을 하고 있다. 이곳에서는 이날부터 강릉커피<strong class=""hl"">축제</strong>가 진행될 예정이다. 2019.10.3 dmz@yna.co.kr ▶태풍...</dd>]', '[<dd>대토론 <strong class=""hl"">축제</strong>\'를 실시했다. 토론 주제는 학생들이 온라인으로 제출한 \'환경문제\'와 \'우리가 만드는... 가정에서 실천하는 환경보호 활동은 △가까운 거리 걸어다니기 △난방기구 사용 줄이기 △커튼 사용하기 △<strong class=""hl"">빗물</strong> 활용...</dd>]', '[<dd>가족<strong class=""hl"">축제</strong>’를 오는 19일 51개 유아숲체험원에서 동시 개최한다고 18일 밝혔다. 남산공원을 비롯해 종로구... 햇님달님 놀이 모습. 사진/서울시 <strong class=""hl"">빗물</strong> 체험 모습. 사진/서울시 유아숲 체험 위치도. 자료/서울시 홍연 기자</dd>]', '[<dd><strong class=""hl"">빗물</strong>이 말하는 일산호수공원 “사람이 있으니 사랑이 있다. 아무러한 시대 아무러한 제도 속에서도 사람들은... 또한 매년 고양국제꽃박람회, 가을꽃<strong class=""hl"">축제</strong>, 호수꽃빛<strong class=""hl"">축제</strong> 등이 개최되는 등 국내는 물론 세계적인 명소로...</dd>]', '[<dd>제18호 태풍 \'미탁\'의 영향으로 동해안에 300㎜가 넘는 집중 호우가 내린 3일 강릉 커피 <strong class=""hl"">축제</strong>장인 강릉아레나에서 관계자들이 외부에서 밀려든 <strong class=""hl"">빗물</strong>을 밀어내고 있다. 2019.10.3</dd>]', '[]', '[]', '[]']"
0,남산골한옥마을세시맞이오(五)대감설날잔치,"['[]', '[]', '[]', '[]', '[]', '[]', '[]', '[]', '[]', '[]']"
0,종묘대제,"['[]', '[<dd>한권의 책(10월1일~11월15일)\xa0 ▲창경궁 가을길을 걷다(10월31일~11월10일, 매주 목·금·토·일)\xa0 ▲덕수궁 석조전 특별전 ‘대한제국 황제의 식탁’(9월21일~11월24일)\xa0 ▲<strong class=""hl"">종묘</strong>추향<strong class=""hl"">대제</strong>(11월 2일) 등이 열린다. 중기이코노미</dd>]', '[<dd>또 세계문화유산인 종묘 사직 환구 왕릉제향 전수자로 11월 2일 진행되는 2019가을 <strong class=""hl"">종묘대제</strong>에서 세종대왕실 대축관으로 봉무한다. 조선왕실 문화위원이 여주 영릉(세종대왕릉)에서 제향을 모시고 있다 세종대왕의...</dd>]', '[<dd>국무총리상은 태극무늬와 4괘를 현대적으로 해석하여 재구성한 ‘태극구성(Taegeuk Composition)’의 최우영 씨(일반부)와, <strong class=""hl"">종묘대제</strong>의 특징을 시각적으로 나타낸 ‘<strong class=""hl"">종묘대제</strong>’의 안해든 학생(대학생부...</dd>]', '[]', '[]', '[]', '[]', '[<dd>추향<strong class=""hl"">대제</strong>는 가을에 <strong class=""hl"">종묘</strong>(宗廟)와 사직(社稷)에 지내는 큰 제사로 (사)신라오릉보존회(이사장 박낙규)가 주관한 이날 <strong class=""hl"">대제</strong>의 초헌관은 박석남 우진사료공업(주) 회장이, 아헌관은 박재순 광주전남발전협의회장이...</dd>]', '[<dd>추모제 구성을 국가무형문화재 제1호 종묘제례악 전수교육조교인 김영숙 박사가 자문했으며, <strong class=""hl"">종묘대제</strong>, 사직대제, 환구대제 등 국가제례의 제관을 교육하는 이상훈 종묘제례보존회 전례차장이 의례를 지도했고, 이창근...</dd>]']"
