,0,블로그 크롤링 결과,뉴스 크롤링 결과
0,"영등포 여의도 
봄꽃축제"," <dd class=""sh_blog_passage"">2019 <strong class=""hl"">영등포 여의도 봄꽃축제</strong> 여의도 벚꽃축제 기간과 주차 정보 윤중로벚꽃길 통제... 트인 영등포 ' 로 바뀌어서 당황.. ㅋㅋ 다시 건너편으로 가는 길에 입구 쪽에서...</dd><dd class=""sh_blog_passage"">바로 <strong class=""hl"">축제</strong>장으로 직진하지 마시고, 오신 김에 국회의사당에 들러서 눈도장 찍고 가셔도 좋을 것 같아요. 일부러 <strong class=""hl"">영등포 여의도</strong>까지 와서 국회의사당을 둘러 볼일은 거의...</dd>"," <dd>휴일인 7일 서울 <strong class=""hl"">여의도</strong>에서 열린 '2019 <strong class=""hl"">영등포 여의도 봄꽃축제</strong>'를 찾은 시민들이 윤중로에 만개한 벚꽃길을 걸으며 봄을 즐기고 있다.<strong class=""hl"">여의도 봄꽃축제</strong>는 오는 11일까지 윤중로 일대에서 열린다. 사진=김범석 기자 /사진...</dd><dd>25일 서울 <strong class=""hl"">영등포</strong>구에 따르면 4월 5일부터 11일까지 국회 뒤편 여의서로와 한강둔치 축구장 일대에서 제15회 <strong class=""hl"">영등포 여의도 봄꽃축제</strong>가 열린다. 이번 <strong class=""hl"">축제</strong>는 ‘꽃이 피면, 봄이 온다’라는 주제로 열린다. 여의서로 1.7...</dd>"
1,2019 이태원 지구촌 축제," <dd class=""sh_blog_passage""><strong class=""hl"">2019 이태원 지구촌축제</strong> 실시간 현장 포스팅 안녕하세요! 오늘은 실시간 포스팅으로... 이태원 지구촌축제는 먹거리들로 풍성하지만, 즐길 거리들도 다양한데요. 무료...</dd><dd class=""sh_blog_passage"">2019 ITAEWON FESTIVAL 이태원 지구촌축제 각종 공연과 먹거리들이 가득해서 열심히... ITAEWON GLOBAL VILLAGE FESTIVAL <strong class=""hl"">2019 이태원 지구촌축제</strong> 기간 2019년 10월 12일 ( 토 ) ~ 10월 13일...</dd>"," <dd>돼지고기라고 하던데 비리지도 않고 토치로 약간 구워서 보기도 좋았어요. 터키케밥부스는 4군데나 있더군요. 먹어본적 있어서 패스~~~ -<strong class=""hl"">2019</strong>. 10. 19 <strong class=""hl"">이태원 지구촌축제</strong>에서- [포토그래퍼 조수호]</dd><dd><strong class=""hl"">2019 이태원 지구촌 축제</strong> /채널A 제공 '관찰카메라 24'에서 이태원 지구촌 축제를 조명한다.25일 방송되는 채널A '관찰카메라 24'에서는 국내에서 즐길 수 있는 세계 문화 축제의 현장이 소개된다. 10월, 서울에서 가장...</dd><dd>25일 방송된 채널A ‘관찰카메라 24’에서는 <strong class=""hl"">이태원 지구촌 축제</strong> 현장을 카메라에 담았다.올해 10월... 한편, 다음주 10월 31일 할로윈데이를 맞아 <strong class=""hl"">2019</strong> 할로윈 <strong class=""hl"">축제</strong>를 즐길 수 있는 대표적인 장소로 <strong class=""hl"">이태원</strong>에 대한 관심이...</dd><dd>한우자조금관리위원회(위원장 민경천)는 지난 12일과 13일 양일간 이태원 관광특구 일대에서 열린 ‘<strong class=""hl"">2019 이태원 지구촌 축제</strong>’에 참여해 한우를 활용한 다채로운 이벤트를 진행했다....</dd><dd>하림이 축제현장을 찾은 관광객들에게 치킨 스테이크요리를 선보였다.하림(대표 박길연)은 지난 12일과 13일 이틀간 서울 용산구 이태원관광특구에서 열린 ‘<strong class=""hl"">2019 이태원 지구촌 축제</strong>’&lt;사진&gt;에 참가해 ‘하림 자연실록...</dd><dd>한우산업의 안정적 발전을 위해 설립된 한우자조금관리위원회(위원장 민경천)가 지난 12일부터 13일까지 이태원 관광특구 일대에서 진행된 ‘<strong class=""hl"">2019 이태원 지구촌 축제</strong>’에 참여해 한우를 활용한 다채로운 이벤트를...</dd><dd>'<strong class=""hl"">2019 이태원 지구촌 축제</strong>' 참가해 닭가슴살 간편하게 즐길 수 있는 닭가슴살 제품으로 지구촌 축제에서 소비자들의 입맛을 사로잡았다. 하림은 지난 12,13일 양일간 서울 용산구 이태원관광특구에서 열린 '2019 이태원...</dd>"
2,2019 드래곤 IT 페스티벌," <dd class=""sh_blog_passage"">안녕하세요 아프리카 치어리더팀입니다 ♣ 지금 <strong class=""hl"">2019</strong> KBO 포스트시즌 기간인데요... <strong class=""hl"">페스티벌</strong>입니다 <strong class=""hl"">드래곤</strong> <strong class=""hl"">페스티벌</strong>은 한국 <strong class=""hl"">IT</strong> 산업의 오랜 명맥을 지켜오고 있는 용산...</dd><dd class=""sh_blog_passage"">양천해우리페스티벌 2019.10 월중 (3 일간 ) ○ 양천예술제를 포함한 양천구... 용산구 <strong class=""hl"">2019 드래곤 IT 페스티벌</strong> 10 월 중 ○ 개막 콘서트 개최 ○ 첨단 전자제품 대회...</dd>"," <dd>서울<strong class=""hl"">드래곤</strong>시티호텔) 황교안 대표, &lt;저스티스 리그&gt; 공정 세상을 위한 청진기 투어(14:30 부경대학교... [경남] ▲ <strong class=""hl"">2019</strong> 코리아 스타트업 테크쇼 및 메이커 <strong class=""hl"">페스티벌</strong> 개막(13:30 창원컨벤션센터) ▲ 경남 학교...</dd><dd>히트작인 ‘<strong class=""hl"">드래곤</strong> 블레이즈’, ‘엘룬’, ‘빛의 계승자’ 3종으로 다양한 핼러윈 이벤트를 마련한다고... ◆한국타이어, ‘<strong class=""hl"">2019</strong> 대전사이언스<strong class=""hl"">페스티벌</strong>’ 참가 한국타이어앤테크놀로지(이하 한국타이어)가...</dd><dd>(SFF) <strong class=""hl"">2019</strong> 재팬'(13:00 일본 도쿄) ▲ 수입차 8월 판매실적 발표 [<strong class=""hl"">IT</strong>ㆍ의료과학] ▲ 과기정통부, 제2회... 맥주 <strong class=""hl"">페스티벌</strong> 개막식(19:30 서울 상암동) ▲ 중소벤처기업부, 산자중기위 결산소위(10:00 국회)...</dd><dd>서울시청, <strong class=""hl"">2019</strong> 미래혁신포럼 및 국제 자문단 총회(10:00 서울혁신파크) ▲ 서울시교육청, 전국장애학생 진로드림 <strong class=""hl"">페스티벌</strong>(14:40 더케이호텔) [문화] ▲ 여가부, 한국양성평등교육진흥원 방문(11:00 은평구...</dd><dd>▲ 2018년 11월29일 서울 용산구 <strong class=""hl"">드래곤</strong>시티호텔에서 열린 '인공지능 국제 컨퍼런스' 참가자들이 인간친화형... ▲ 지난 5월13일 서울 강남구 코엑스에서 열린 '<strong class=""hl"">2019</strong> 중견기업 일자리드림 <strong class=""hl"">페스티벌</strong>'을 찾은 구직자들이 AI현장...</dd><dd>(사진=피칫) LG전자, 롯데월드에서 'V50 ThinQ'로 즐기는 게임 <strong class=""hl"">페스티벌</strong> 개최 LG전자는 오는 20일과 21일 이틀간... 데모는 퀄컴의 최신 플랫폼 퀄컴 스냅<strong class=""hl"">드래곤</strong> 8cx SoC와 X55 5G 모뎀, 키사이트 5G 네트워크 에뮬레이션...</dd><dd>실제로 WCG <strong class=""hl"">2019</strong>는 단순히 게임대회로만 진행되는 게 아니었다. 이 대표는 “부활한 WCG는 예전과 달리 네 가지 영역인 e스포츠, 뉴호라이즌(신기술·신서비스 접목 미래형 e스포츠 등), <strong class=""hl"">페스티벌</strong>, 콘퍼런스 등으로 행사...</dd><dd>엔씨는 연관 사업으로 스푼즈, '블소' e스포츠, 피버 <strong class=""hl"">페스티벌</strong>, 엔씨코믹스, 버프툰을 하고 있다. 그러나... ◎ <strong class=""hl"">드래곤</strong>플라이, 공동 대표 체제로 전환 - <strong class=""hl"">드래곤</strong>플라이가 지난 18일, 박인찬-박철승 공동 대표 체제로...</dd><dd>1964년 첫 등장한 '킹 기도라'는 머리가 셋 달린 <strong class=""hl"">드래곤</strong> 모양을 하고 있으며, 영화사 토호가 만들어낸 괴수... 굿스마일컴퍼니는 2월 10일 일본에서 열리는 피규어 축제 ‘원더<strong class=""hl"">페스티벌</strong> <strong class=""hl"">2019</strong> 겨울' 현장에서 유키 미쿠...</dd>"
3,4.19혁명국민문화제2019," <dd class=""sh_blog_passage"">주제로 '4･19<strong class=""hl"">혁명 국민문화제 2019</strong>'를 개최했습니다. □ 문화와 교육, 참여, 전시... INT 유진석 / 토론대회 대상 수상팀 □ 저희가 <strong class=""hl"">4.19혁명</strong>을 주제로 발표를 준비하고...</dd><dd class=""sh_blog_passage""><strong class=""hl"">2019</strong>년 <strong class=""hl"">4.19 혁명 국민 문화제</strong>. 락 뮤직 페스티벌 출연진 소개. 라인업은 어떻게 될까~ 장소와 날짜 공유.. 이제 벚꽃도 슬슬 시들어 지고..하지만 완연한 봄이 찾아...</dd>"," <dd>업코리아, UPKOREA ▲ <strong class=""hl"">4.19혁명 국민문화제 2019</strong> 평가보고회장에서 발언하는 박겸수 강북구청장(왼쪽 두번째) [업코리아] 강북구가 '4·19혁명 국민문화제 2019'의 성과를 되짚는 평가보고회를 지난 28일 개최했다. 이날...</dd><dd>강북소방서(서장 장형순)는 18일 시민 스스로 이뤄낸 자유ㆍ민주ㆍ정의의 역사인 4.19 혁명을 계승하는 ‘<strong class=""hl"">4.19혁명 국민문화제 2019</strong>’ 행사에 참여했다. 이날 소방서는 주택용 소방시설 홍보 자동제세동기 사용법 소화기...</dd><dd>박겸수(가운데) 강북구청장이 18일 '<strong class=""hl"">4.19혁명 국민문화제 2019</strong>' 전야제 행사장에서 외국인 유학생 탐방단원들과 기념촬영을 하고 있다. (사진=강북구) 김태형</dd><dd>- 세계사적 흐름에서 본 4.19의 가치 집중조명 서울 강북구(구청장 박겸수)는 ‘<strong class=""hl"">4.19혁명 국민문화제 2019</strong>’의 일환으로 지난 17일 한국프레스센터에서 ‘제3회 4.19혁명 국제학술회의’를 개최했다. 세계사적 시각으로...</dd><dd>강북구(구청장 박겸수)가 18일 4·19<strong class=""hl"">혁명</strong> 제59주년 기념 ‘4·19<strong class=""hl"">혁명 국민문화제 2019</strong>’ 전야제 행사를 개최했다. 강북구청 사거리에서 광산사거리에 이르는 메인행사장에서는 4·19정신을 계승하기 위한 ‘헌혈...</dd>"
4,서울장미축제," <dd class=""sh_blog_passage"">찾는 축제가 되지 않았나 싶습니다. 이제는 어엿하게 <strong class=""hl"">서울 장미축제</strong>라는 이름으로... 좋은 변화려니 싶기도 하고, 해를 거듭할수록 서울 도심의 장미축제로 자리를...</dd><dd class=""sh_blog_passage"">2019 <strong class=""hl"">서울장미축제</strong> 서울장미공원~중랑천 첫날 풍경 축제 장소: 묵동교~ 서울시 중랑구 동일로 961(지하철 6호선 태릉입구역 8번출구) 꽃찾아 다니다보면 정말 한해를 다...</dd>"," <dd>행사에는 어반자카파, 거미, <strong class=""hl"">장미</strong>여관, 장기하와 얼굴들, 국카스텐, 비와이 등 18개팀이 나흘에 걸쳐 공연을 펼쳐, 총 6만 명의 관객을 모았다. 이 같은 게임 대회와 음악 행사의 융합은 2017년에도 이어져 <strong class=""hl"">서울</strong>광장에...</dd><dd><strong class=""hl"">서울</strong>근교 <strong class=""hl"">서울</strong>대공원 가을 <strong class=""hl"">장미 축제</strong>도 인생샷을 건질 10월 11월 가을꽃 명소로 추천한다. 서해안 <strong class=""hl"">축제</strong> 태안 가을꽃<strong class=""hl"">축제</strong> 이후 안면도 국화<strong class=""hl"">축제</strong>와 청산수목원 태안 팜파스 <strong class=""hl"">축제</strong>에서 국화를 비롯해 억새, 핑크뮬리...</dd><dd>100년기념 사업추진위원회 공동위원장인 이장호 감독, 배우 <strong class=""hl"">장미</strong>이 타임캡슐 봉인식을 하고 퇴장하고 있다. 27일 오후 6시 30분 <strong class=""hl"">서울</strong> 광화문광장에서 '한국영화 100년 기념 광화문 <strong class=""hl"">축제</strong>'가 열렸다. 현장에는 이재용...</dd><dd>이밖에 <strong class=""hl"">서울</strong>근교 <strong class=""hl"">서울</strong>대공원 가을 <strong class=""hl"">장미 축제</strong>도 인생샷을 건질 10월 가을꽃 명소로 추천한다. 이번 주말 창원 ‘마산국화 <strong class=""hl"">축제</strong>’와 전남 10월 11월 가을꽃<strong class=""hl"">축제</strong> ‘화순 국화 향현’ 등 가을 날씨에 국화향을 즐길 수 있는...</dd><dd>핼러윈 <strong class=""hl"">축제</strong> '루나 이클립스'를 진행하고 있다. <strong class=""hl"">서울</strong>랜드는 루나 이클립스를 통해 붉은 달빛에 물든... 피로 물든 듯한 수백 개의 <strong class=""hl"">장미</strong>가 있는 '로맨틱 로즈 게이트', 붉은 달빛을 내뿜는 '더 이클립스 레드문', 뱀파이어...</dd><dd>이번 주는 할로윈 주간을 맞아 특별한 <strong class=""hl"">축제</strong>와 볼거리가 준비된다. 여의도·반포(25일~26일)에서는... <strong class=""hl"">서울</strong>대공원 가을 <strong class=""hl"">장미</strong>는 체리 메이딜란트, 윈쇼튼, 핑크피스, 메어리로즈 등 추위에 강한 품종이다. 세계의 다양한...</dd><dd><strong class=""hl"">서울</strong>근료 <strong class=""hl"">서울</strong>대공원 가을 <strong class=""hl"">장미 축제</strong>도 인생샷을 건질 10월 가을꽃 명소로 추천한다. 5월 봄 <strong class=""hl"">장미</strong>와는 또 다른 매력의 가을<strong class=""hl"">장미</strong>를 만나보자.2019 단풍시기, 설악산 단풍 절정2019 단풍절정시기는 설악산 단풍드는시기를...</dd><dd>곡성세계<strong class=""hl"">장미축제</strong>가 지난달 29일 <strong class=""hl"">서울</strong> KT올레스퀘어에서 개최된 2019년 대한민국 빅데이터 <strong class=""hl"">축제</strong>대상에서 '신예인기대상'을 수상했다. 대한민국 빅데이터 <strong class=""hl"">축제</strong> 대상은 세계<strong class=""hl"">축제</strong>협회 한국지부, 고려대학교 빅데이터...</dd>"
5,용마폭포 문화예술축제," <dd class=""sh_blog_passage"">[10월 축제] 제4회 <strong class=""hl"">용마폭포 문화예술축제</strong> 폭포와 함께하는 행복한 문화 나들이... 제4회 <strong class=""hl"">용마폭포 문화예술축제</strong> 2019. 10. 12.(토) ~ 13.(일) 09:00-21:00 용마폭포공원...</dd><dd class=""sh_blog_passage""><strong class=""hl"">용마폭포 문화예술축제</strong> By marolles 난 #중랑구 에 살고 있는데... 이 쪽은 처음 와본다. 용마폭포공원~! 에서 #문화예술축제 가 벌써 4회째라니... 오호~! 아이랑 같이 와...</dd>"," <dd>중랑구(구청장 류경기)는 12일, 13일 이틀간 <strong class=""hl"">용마폭포</strong>공원에서 ‘<strong class=""hl"">용마폭포 문화예술축제</strong>’을 개최했다. <strong class=""hl"">용마폭포 문화예술축제</strong>에는 유명 가수의 공연과 함께 다양한 전시, 주민들이 참여할 수 있는 체험프로그램...</dd><dd>개막식은 12일 중랑구 '<strong class=""hl"">용마폭포문화예술축제</strong>'와 함께 진행된다. 공공미술 '타원본부'는 웅장한 절벽과 시원한 <strong class=""hl"">폭포</strong>의 장관 아래 고요한 수면과 함께 어우러진 30미터의 타원형 광장작품이다. 작품은 가로 30미터, 너비...</dd>"
6,서울거리예술축제 2019," <dd class=""sh_blog_passage"">축제 &lt;<strong class=""hl"">서울거리예술축제 2019</strong>&gt; 10월 3일 ~ 6일 “거리예술에서 시도할 수 있는... 펼쳐지는 ‘서울거리예술축제’의 특징을 이렇게 설명했다. 조 감독은 이는...</dd><dd class=""sh_blog_passage"">6(일) 09:00~22:00 구간 : 청계광장 앞~덕수궁 대한문 앞 오랜 시간 나눌 기억과 공간이 지금·여기, <strong class=""hl"">서울거리예술축제 2019</strong>에서 펼쳐진다! 서울거리예술축제로 빛날...</dd>"," <dd>올해 <strong class=""hl"">축제</strong> 주빈국은 스리랑카로, 개막식과 주빈국 특별공연에 스리랑카 국립청소년<strong class=""hl"">예술</strong>단과... 아울러 <strong class=""hl"">축제</strong>기간 동안 행사장 곳곳에서 프린지공연, 프리마켓, 길<strong class=""hl"">거리</strong>음식<strong class=""hl"">축제</strong>, 참가국별 체험부스 등을 매일 운영하고, 초...</dd>"
7,"2019 서울
서커스페스티벌
'서커스 캬바레'"," <dd class=""sh_blog_passage"">오래전 솟대쟁이패가 시간을 거슬러 <strong class=""hl"">2019</strong>년 <strong class=""hl"">서울</strong>에 와 있는 것 같은 놀이판에... 사람들 <strong class=""hl"">서울 서커스 페스티벌</strong>은 &lt;<strong class=""hl"">서커스 캬바레</strong>&gt;에 이어 5월 한 달간 주말마다...</dd><dd class=""sh_blog_passage"">(행사의 정식 이름은 <strong class=""hl"">2019 서울 서커스 페스티벌</strong> &lt;<strong class=""hl"">서커스 캬바레</strong>&gt;입니다) 그래서 정말!!!! 다녀왔습니다. 한창 시험 준비 중인 청소년 큰 아이는 떼어두고, 어린이인...</dd>"," <dd><strong class=""hl"">서울</strong>시는 어린이날 연휴인 4~6일 문화비축기지에서 ‘<strong class=""hl"">2019 서울 서커스 페스티벌</strong>-<strong class=""hl"">서커스 캬바레</strong>’를 연다고 2일 밝혔다. <strong class=""hl"">서커스 캬바레</strong>는 <strong class=""hl"">서울</strong>시가 지난해 <strong class=""hl"">서커스</strong> 탄생 250주년을 기념해 개최한 국내 유일의...</dd>"
8,서울빛초롱축제," <dd class=""sh_blog_passage"">겨울의 시작을 알리는 서울 대표 문화관광축제 2019 <strong class=""hl"">서울빛초롱축제</strong> 당신의 서울... 올해는 특별하게 '동화' 속 주인공들을 축제에 초대해 새로운 콘셉트의 빛초롱축제...</dd><dd class=""sh_blog_passage"">2019 <strong class=""hl"">서울 빛초롱 축제</strong>는 지난 9년간 서울의 오랜 역사와 문화를 담아왔다고 합니다. 10주년을 맞이한 이번 축제는 지나온 길을 뒤돌아보고 새롭게 시작하는 자리라고...</dd>"," <dd>이번 주 금요일(1일) 초겨울의 분위기를 제대로 느낄 수 있는 '<strong class=""hl"">서울 빛초롱축제</strong>'가 열린다. 서울시는 다음 달 1일부터 17일까지 청계천 광장부터 수포교까지 약 1.2km 구간을 화려한 등블로 장식하는 '219 <strong class=""hl"">서울 빛초롱 축제</strong>...</dd><dd>11월 1일부터 17일까지는 청계광장~수표교 구간에서 <strong class=""hl"">서울빛초롱축제</strong>가 열려 오색찬란한 등빛이 빛나며 멋진 야경을 창조해낸다. 서울의 진산인 북산한에 단풍이 절정에 이르는 시기는 오는 29일로 예상된다....</dd><dd>= 다음 달, 깊어가는 서울의 가을밤을 화려하게 수놓는 '빛의 향연'이 펼쳐진다.최근 <strong class=""hl"">서울빛초롱축제</strong>조직위원회는 오는 11월 1일부터 17일까지 청계천에서 '2019 <strong class=""hl"">서울빛초롱축제</strong>'가 열린다고 밝혔다.축제 기간 이곳을...</dd><dd>△안동국제탈춤페스티벌 △서울세계불꽃축제 △이태원 지구촌축제 △<strong class=""hl"">서울빛초롱축제</strong>가 그것이다. 안동국제탈춤페스티벌은 한국 전통춤임에도 불구하고 해외 12개국의 탈춤공연을 만나 볼 수 있을 뿐만 아니라...</dd><dd><strong class=""hl"">서울 빛초롱 축제</strong> 서울의 꿈, 빛으로 흐르다. 빛의 길을 따라 시간여행을 떠나자! 도시의 밤하늘을... 24 주소    서울특별시 마포구 하늘공원로 95 이용요금    무료 진주남강유등축제 물과 빛, 그리고 우리의...</dd><dd>2019 <strong class=""hl"">서울빛초롱축제</strong>는 11월 1일부터 17일까지 청계천에서 열립니다. 마지막으로 11월 1일부터 2일에는 송파구 석촌호수 일대에서 단풍축제가 열리는데요. 특별히 올해는 가을을 만끽 할 수 있는 책 관련 전시와 체험행사도...</dd><dd>출처: <strong class=""hl"">서울 빛초롱 축제</strong> 홈페이지, 2019 가을 축제 <strong class=""hl"">서울 빛초롱 축제</strong> 3. <strong class=""hl"">서울 빛초롱 축제</strong> 2019 매년 가을이 되면, 화려한 등불이 청계천 일대의 밤을 밝히며 로맨틱한 분위기를 자아낸다. '<strong class=""hl"">서울 빛초롱 축제</strong>'라는 이름으로...</dd><dd>밝히면서 <strong class=""hl"">축제</strong> 분위기를 더욱 끌어올립니다. 특히 한지 청사<strong class=""hl"">초롱</strong>등을 직접 만들고 소원등을 달아보는 체험은... "" 달빛 골짜기라는 의미를 지닌 <strong class=""hl"">서울</strong> 월곡동을 배경으로 '달'과 '<strong class=""hl"">빛</strong>'을 주제로 펼쳐진 '제3회 월곡 달빛<strong class=""hl"">축제</strong>...</dd><dd>주민들이 <strong class=""hl"">초롱</strong>을 들고 풍납토성 둘레길을 걷는 행사로 <strong class=""hl"">축제</strong>는 막을 내린다. 강동구는 11일부터 13일까지... 근대 역사의 산실인 정동은 10월 한 달간 <strong class=""hl"">축제</strong>로 물든다. <strong class=""hl"">서울</strong>시가 대한제국 선포일(1897년 10월12일)을 기념해...</dd>"
9,불광천벚꽃축제," <dd class=""sh_blog_passage"">4월 5일 (금)부터 6일 (토)까지 벚꽃길 불광천에서 열린 ""2019. 제8회 벚꽃축제""의 둘째 날의 생생한 축제 현장의 모습을 제가 담아왔습니다! 개청 40주년 <strong class=""hl"">불광천 벚꽃축제</strong>...</dd><dd class=""sh_blog_passage"">마침 오늘은 &lt;<strong class=""hl"">불광천 벚꽃 축제</strong>&gt; 날이다. 응암역에서 증산역까지(아래 지도 별표 구간) 불광천변에 벚꽃이 절정이라고 한다. 우리는 버스를 타고 DMC 정류장에서 내려...</dd>"," <dd>또 <strong class=""hl"">불광천</strong>은 매년 <strong class=""hl"">벚꽃축제</strong>를 할 만큼 <strong class=""hl"">벚꽃</strong>으로도 유명한데, 참여예산사업으로 이 <strong class=""hl"">벚꽃</strong>길 구간에 야간 조명을 설치하여 더 아름다운 <strong class=""hl"">벚꽃</strong>길을 만들어냈다. 이처럼 많은 주민제안을 통해 <strong class=""hl"">불광천</strong>은 더 멋진 변신을 거듭하고...</dd><dd>▲사진= 은평구 은평구는 5일과 오는 6일 이틀간 <strong class=""hl"">불광천 벚꽃축제</strong>와 연계한 ‘2019년 전통시장 봄나들이 소풍’ 행사를 개최한다고 밝혔다. 이번 행사에서는 <strong class=""hl"">불광천 벚꽃축제</strong> 행사장 내 ‘함께 나누는 은평구 zone’에...</dd>"
10,은평누리축제," <dd class=""sh_blog_passage"">은평구의 자랑! <strong class=""hl"">은평누리축제</strong>가 10월 3일부터 5일까지 진행되었는데요. 저는 마지막... 늘 은평구에 축제가 있을 때 마다 빼 놓지 않고간식을 사 먹었는데 이상하게 이...</dd><dd class=""sh_blog_passage""><strong class=""hl"">은평누리축제</strong> 축제의 광장에는 축제 종합안내소가 마련되어 있었구요. <strong class=""hl"">은평누리축제</strong>에서 즐길 수 있는 운영존 여울누리! 다양성존 즐거우리! 체험존 먹거리존...</dd>"," <dd>서울 은평구(구청장 김미경)는 구와 은평문화재단, 2019 <strong class=""hl"">은평누리축제</strong> 추진위원회가 공동 주관하는 '2019 <strong class=""hl"">은평누리축제</strong>'를 다음달 3일부터 5일까지 3일간 개최한다고 27일 밝혔다. '어울누리! 즐거우리! 함께하리!'의 주제로...</dd>"
11,북한산한문화페스티벌," <dd class=""sh_blog_passage""><strong class=""hl"">북한산 한문화 페스티벌</strong> 통일로 가는 길, 은평에서 열리는 한문화 체험 축제 일시 2019.09.07.(토) 오전 10시 / 축하공연 18시 장소 북한산성 제1주차장 축하공연...</dd><dd class=""sh_blog_passage"">가을축제 ‘<strong class=""hl"">북한산한문화페스티벌</strong>’이 6일과 7일 이틀간 북한산국립공원... 특히 축제의 고유한 주제인 한문화를 경험할 수 있는 민속놀이, 사찰음식 시음, 개화기...</dd>"," <dd>서울 은평구는 이번 주말 제13호 태풍 링링이 북상할 것으로 예보되면서 '<strong class=""hl"">북한산한문화페스티벌</strong>'을 잠정 연기하기로 했다고 밝혔습니다. <strong class=""hl"">북한산한문화페스티벌</strong>이 열릴 예정이었던 7일(토)에 태풍의 직접적인 영향권에...</dd><dd>"" 한복과 전통놀이 등 한국의 문화를 체험하고 대중 문화를 한 자리에서 만나는 <strong class=""hl"">북한산한문화페스티벌</strong>. 서울의 대표 한문화 관광 축제로 자리 잡았습니다. 헬로TV뉴스 심다혜입니다. ▶ 가장 빠르고 정확한 지역 소식...</dd><dd><strong class=""hl"">북한산 한문화 페스티벌</strong>이 한글날인 9일 북한산성 주차장에서 열립니다. <strong class=""hl"">북한산 한문화 페스티벌</strong>은 지난달 열릴 계획이었으나 태풍으로 연기돼 한글날에 열리게 됐는데요 축제는 조선시대 개화기 의상 체험 전통놀이...</dd><dd>은평구(구청장 김미경)는 9일 <strong class=""hl"">북한산 한문화 페스티벌</strong>에서 지역사회에 청렴문화 확산을 위한 청렴 홍보부스를 운영했다. 이번 행사는 감사담당관 직원 뿐 아니라 은평구 시설관리공단, 서부 녹색어머니회 등 반부패...</dd><dd>'<strong class=""hl"">북한산 한문화페스티벌</strong>'은 ▲조선시대와 개화기 의상 복식체험 ▲북한 생활문화 체험 ▲전통놀이 체험 등으로 구성됐다. 다양한 축하 공연도 준비돼 있다. 서울섹소폰오케스트라, 뮤직스와니오케스트라...</dd><dd>한옥마을 역사한옥박물관 전통한옥홍보관 <strong class=""hl"">북한산한문화페스티벌</strong> 진관사한문화체험 북한산너나들이센터 등 진관동 특구 시설과 컨텐츠는 대부분 갖춰져있다. 2015년 특구로 지정된 이후 역사한옥박물관과 한옥마을...</dd><dd>지난 9일 <strong class=""hl"">북한산 한문화 페스티벌</strong> 현장에서는 서부녹색어머니회와 은평구시설관리공단 등과 함께 청렴마을 은평거버넌스 홍보부스를 운영했다. 특히 '청렴 일등구 은평'을 위한 구민들의 정책제언을 위해 제작한 ""은평구...</dd><dd>지난 3월 26일 세계기자대회 시 방문한 진관사, 은평한옥마을, 은평역사한옥박물관 등이 언론에 크게 노출됨으로써 많은 국내·외 관광객을 유치하고, <strong class=""hl"">북한산 한문화페스티벌</strong>을 통해 도심 관광지로서의 구를 빠르게...</dd>"
12,겸재문화예술제," <dd class=""sh_blog_passage"">그래서 #겸재정선미술관 큰 행사인 #<strong class=""hl"">겸재문화예술제</strong> 다녀왔어요. 작년에는 비가... 저도 시원한 아이스티 마시면서 본 #문화예술한마당 관람했습니다. 가운데 라인으로...</dd><dd class=""sh_blog_passage"">겸재 정선미술관에서 진행되는 강서구 <strong class=""hl"">겸재 문화예술제</strong> 현장입니다 많은 사람들이 행복한 시간을 함께 공유하고 있네요.^^ 토요일 오후에 가족과 함께 와서 문화 예술을...</dd>"," <dd>5000여명의 <strong class=""hl"">겸재 문화 예술제</strong> 방문객이 작품을 감상하였다. 2017년 12월 12일부터 21일까지 진행된 &lt;그리며.. 빚으며.. 꿈꾸며...&gt;는 발달 장애인 작가가 펼치는 적극적이며 진취적인 전시회로 힘과 꿈을 전달하는 기회가...</dd><dd>미술제와 <strong class=""hl"">예술제</strong>를 경험해 봤지만 포항스틸아트페스티벌과 같이 시민과 함께 무엇을 만들어 가며, 시민... 포항<strong class=""hl"">문화</strong>재단은 21일을 페스티벌 데이로 명하고 <strong class=""hl"">겸재</strong>정선그림실기대회와 포항 맘(Mom)들을 위한 축제'포항맘은...</dd><dd>서울 강서구(구청장 노현송)는 300년 전 <strong class=""hl"">겸재</strong> 정선의 예술혼이 닿아있는 궁산에서 10일부터 11일까지 '제5회 <strong class=""hl"">겸재문화예술제</strong>'를 개최한다고 2일 밝혔다. <strong class=""hl"">겸재문화예술제</strong>는 진경산수화로 중국에 한류 열풍을 일으킨...</dd>"
13,강서어린이동화축제," <dd class=""sh_blog_passage"">도서관, 어린이집 등 주민 1천여 명이 참여해 다양한 퍼포먼스를 선보이며 축제... 방화근린공원에서 <strong class=""hl"">강서 어린이 동화축제</strong> 개회식이 열렸다 이번 퍼레이드는 강서공업...</dd><dd class=""sh_blog_passage"">be/H0mw6nhTi2w #<strong class=""hl"">강서어린이동화축제</strong> #2019<strong class=""hl"">강서어린이동화축제</strong> #동화축제방송편지 #길꽃어린이도서관 #방화마을방송국 #방송편지 #마을방송국 #동화축제 #길꽃도서관...</dd>"," <dd>구는 강서구 대표 축제인 <strong class=""hl"">강서어린이 동화축제</strong> 개최시 서울시립도서관 분관과 협력해 자녀와 부모가 함께 참여하는 서울시 대표 어린이 독서 축제를 연다. 구는 기존 책두레 서비스에 서울도서관 분관을 연계하는...</dd><dd>강서구 대표 축제인 ""<strong class=""hl"">강서어린이 동화축제</strong>"" 개최 시 서울시립도서관 분관과 협력해 자녀와 부모가 함께 참여하는 서울시 대표 어린이 독서 축제로 발전시켜 나갈 계획이다. 또한, 서울도서관 분관 유치 파급효과가...</dd><dd>우선, 강서구 대표 축제인 ""<strong class=""hl"">강서어린이 동화축제</strong>"" 개최시 서울시립도서관 분관과 협력해 자녀와 부모가 함께 참여하는 서울시 대표 어린이 독서 축제로 발전시켜 나갈 계획이다. 또한, 서울도서관 분관 유치 파급효과가...</dd><dd>서울 강서구(구청장 노현송)는 다음달 4일 오전 11시부터 방화근린공원에서 '제10회 <strong class=""hl"">강서어린이 동화축제</strong>'를 개최한다고 25일 밝혔다. 올해는 '동화로 보는 지구촌 여행'을 주제로 세계 명작 퍼레이드, 공연·체험 마당...</dd>"
14,한여름 밤의 페스티벌," <dd class=""sh_blog_passage"">충남 교육뮤지컬 협회도 함께 탄생했다는!!ㅋㅋㅋ 매거진을 들고 한 컷 :) <strong class=""hl"">한 여름밤의</strong> 케마 <strong class=""hl"">페스티벌</strong> 첫 날은 그렇게 마무리되었고, 다음 날은 조별 뮤지컬 제작이 있는...</dd><dd class=""sh_blog_passage"">핫썸쿨 프리<strong class=""hl"">페스티벌</strong>에 대해 이야기하기 전에 DMZ국제다큐 영화제에 대해 먼저... 있었던, <strong class=""hl"">한여름밤의</strong> 열기가 물씬 넘치는 자리였습니다. 이어 상영된 다큐멘터리...</dd>"," <dd>서울 강서구(구청장 노현송)는 31일 오후 6시 신정여상 고등학교에 대형 야외무대를 설치하고 주민과 함께 하는 '<strong class=""hl"">한여름 밤의 페스티벌</strong>'을 개최한다고 23일 밝혔다. 신정여상 댄스팀, 에버그린합창단, 좋은지역 아동센터...</dd>"
15,허준축제," <dd class=""sh_blog_passage""><strong class=""hl"">허준축제</strong>는 지난해에 비하여 손색이 없었으며 여전히 서부서울의 유명축제임이 증명되고 있었습니다^^ #<strong class=""hl"">허준축제</strong> #2019허준축체 #허준근린공원 #구암허준 #강서구축제</dd><dd class=""sh_blog_passage"">2019년 10월 12일 <strong class=""hl"">허준축제</strong>장도 처음이고 허준근린공원 간것도 처음인데 ^^;; 평상시에도 도시락을 싸들고 나들이 할만한 곳이라고 생각된다. 서울의 수돗물 퀴즈 맞추기...</dd>"," <dd>강서구의 대표축제인 <strong class=""hl"">허준축제</strong>가 20회를 맞았습니다. 강서구는 지난 11일부터 13일까지 허준근린공원 일대에서 '제20회 <strong class=""hl"">허준축제</strong>'를 개최했습니다. 이번 축제에서는 동의보감을 바탕으로 한 오페라와 인기가수들의 공연...</dd><dd>강서구가 지난 13일 <strong class=""hl"">허준축제</strong>에서 '제23회 구민상'을 시상한 뒤 기념촬영 하고 있다. 사진=강서구 제공  강서구(구청장 노현송)가 지난 13일 <strong class=""hl"">허준축제</strong>에서 '제23회 강서구민상'을 시상했다고 15일 밝혔다. 올해 구민상...</dd><dd>서울 강서구는 지난 13일 허준근린공원 일대에서 열린 ‘<strong class=""hl"">허준축제</strong>’에서 ‘제23회 강서구민상’을 시상했다고 15일 밝혔다. 구는 매년 남다른 열정으로 지역 사회 발전에 공헌한 주민들을 선정, 구민상을 시상하고...</dd><dd>서울 강서구(구청장 노현송)는 11일부터 3일간 개최되는 '20회 <strong class=""hl"">허준축제</strong>' 사진 공모전을 개최한다고 7일 밝혔다. <strong class=""hl"">허준축제</strong>는 '허준과 동의보감'에 주목하는 한방축제다. 구는 20회 <strong class=""hl"">허준축제</strong>를 기념해 관람객을 대상으로...</dd>"
16,강동선사문화축제," <dd class=""sh_blog_passage"">제가 사는 하남시와 가까운 강동구에서 매년 10월이면 큰 축제가 열리는데요. 바로 <strong class=""hl"">강동선사문화축제</strong>입니다. 선사 유적으로 유명한 암사동에서 열리는 큰 축제인데요. 그...</dd><dd class=""sh_blog_passage"">바로 제24회 <strong class=""hl"">강동선사문화축제</strong>인데요. 문화관광축제로의 도약을 꿈꾸는... 서울 강동구 암사동에서 열리는 <strong class=""hl"">강동선사문화축제</strong> ▲ 제24회 <strong class=""hl"">강동선사문화축제</strong>...</dd>"," <dd>'제2회 동포한마음<strong class=""hl"">문화</strong>교류<strong class=""hl"">축제</strong>'가 지난 27일 오후1시부터 오후 6시까지 안산시 원곡동 다<strong class=""hl"">문화</strong>마을... 즐거움을 <strong class=""hl"">선사</strong>했다. 또한 귀한동포연합회무용단, 아리랑공연단, 만리장성공연단 등이 출연했으며 동포들의...</dd><dd>즐거움을 <strong class=""hl"">선사</strong>할 예정이다. 이정훈 <strong class=""hl"">강동</strong>구청장은 ""올해로 3회째인 <strong class=""hl"">강동</strong>청소년 교향악<strong class=""hl"">축제</strong>는 아이들이 음악을 통해 교류하고 공동체 안에서 협력과 조화를 배울 수 있는 <strong class=""hl"">문화</strong>예술<strong class=""hl"">축제</strong>""라며 ""이러한 기회를 지속적으로...</dd><dd>지난 11~13일동안 서울 암사동 유적지 일대에서 열린 '제24회 <strong class=""hl"">강동선사문화축제</strong>'에서 암사초록길 사업 재개를 촉구하는 서명운동을 진행해 10만명이 넘는 시민들이 동참해 당초 목표를 달성하였다.  <strong class=""hl"">강동</strong>구(구청장 이정훈)...</dd>"
17,서울동화축제," <dd class=""sh_blog_passage"">매년 서울 어린이대공원에서는 어린이날을 위하여 서울에서 가장 큰 축제가 열리고 있습니다. 2018년 올해로 7번째를 맞은 <strong class=""hl"">서울동화축제</strong>는 5.4(금)~ 5.6(일) 서울...</dd><dd class=""sh_blog_passage"">6일까지 열린 <strong class=""hl"">서울동화축제</strong> 2018... 5월 5일 어린이날 군자역사거리부터 대공원까지 차량 통제한 후 축제를 진행!!! 매년 열렸던 행사이나...이번에 처음 가본다는.......</dd>"," <dd><strong class=""hl"">축제</strong> 시작일인 11월1일에는 석촌호수 동호 야외무대에서 <strong class=""hl"">서울</strong>아레나 오페라단이 선사하는 가곡과 오페라 선율에 빠져들 수 있다. 11월2일 같은 장소에서는 3부로 구성된 공연이 펼쳐진다. 오전 11시 ‘<strong class=""hl"">동화</strong>속으로’에서는...</dd>"
18,광나루어울마당," <dd class=""sh_blog_passage"">광진숲나루 2019 제9회 <strong class=""hl"">광나루어울마당</strong> 진구네 가을소풍 천호대로 상부 공원 광진 숲나루 아차산고개라 할수 있는 터널위에 있는 공원입니다. 광나루에서 걸어본적도...</dd><dd class=""sh_blog_passage"">찍으거고요 2차공사가 전망대인데요 이건 언제완료인지 ᆢ 집근처라는 장점으로 종종올것같습니다 #<strong class=""hl"">광나루어울마당</strong> 이 정식명칭인지는 ᆢ 사람없을때 봐야겠어요 ㅋㄷ</dd>"," <dd>이날 <strong class=""hl"">광나루어울마당</strong>과 더불어 2019년 녹색생활실천 한마당도 열린다. 이번 행사에서는 자전거 발전기로 솜사탕과 과일주스를 만들고 태양광 라디오 체험을 할 수 있는 '소비없는 에너지 놀이터'와 '태양광 미니자동차...</dd>"
19,제4회충무로뮤지컬영화제," <dd class=""sh_blog_passage"">୧( “̮ )୨✧ http://chimff.com 충무로뮤지컬영화제 <strong class=""hl"">제4회 충무로뮤지컬영화제</strong>(CHIMFF 2019) 2019.7.10(수)-2019.7.13(토) chimff.com 우선 충무로뮤지컬영화제 자원활동가를...</dd><dd class=""sh_blog_passage"">개인적으로는 &lt;라라랜드&gt;가 상영했던 제2회 충무로뮤지컬영화제에 관람 계획을 세웠다가 일정상 포기한 적이 있었는데, 이번 <strong class=""hl"">제4회 충무로뮤지컬영화제</strong>에서도...</dd>"," <dd>'<strong class=""hl"">제4회 충무로뮤지컬영화제</strong>' 공식 기록 영상 캡처 '<strong class=""hl"">제4회 충무로뮤지컬영화제</strong>'가 제4회 영화제의 공식 기록 영상을 공개했다. 이번 공식 기록 영상은 7월 10일 충무아트센터 대극장에서 펼쳐진 개막식부터 13일 폐막식에...</dd><dd>이장호 서울영상위원회 위원장(오른쪽), 윤진호 충무아트센터 사장이 10일 오후 서울 충무아트센터 대극장에서 열린 <strong class=""hl"">제4회 충무로뮤지컬영화제</strong>개막식에서 개막을 선언하고 있다. 이장호 서울영상위원회 위원장...</dd><dd>중구(구청장 서양호)는 오는 10일(수)부터 13일(토)까지 충무아트센터에서 (재)중구문화재단 주관으로 <strong class=""hl"">제4회 충무로뮤지컬영화제</strong>가 열린다고 밝혔다. 중구(구청장 서양호)는 오는 10일(수)부터 13일(토)까지...</dd>"
20,선농대제," <dd class=""sh_blog_passage"">동대문구의 대표적인 문화행사로 거듭난 <strong class=""hl"">선농대제</strong>는 보통 10시부터 시작된다. 왕산로에서 선 농단까지 짧게 어가행렬을 비롯한 제례행렬을 선보이며, (예전에는...</dd><dd class=""sh_blog_passage"">기원했던 <strong class=""hl"">선농대제</strong>를 재연하는 행사가 21일 토요일 서울 동대문구에서 열립니다... 2018 <strong class=""hl"">선농대제</strong>를 21일 봉행합니다. 선농제는 한 해 농사의 풍년을 기원하며 농사의...</dd>"," <dd>이개호 농림축산식품부 장관은 20일 서울 동대문구 제기동 선농단에서 열린 '<strong class=""hl"">선농대제</strong>'에 참석해 풍년을 기원했다. 농림축산식품부에 따르면 <strong class=""hl"">선농대제</strong>는 신라 시대부터 시작된 제례로, 한 해 풍년 농사를 기원하는 행사다....</dd>"
21,세계거리춤축제," <dd class=""sh_blog_passage"">이날이 마침, <strong class=""hl"">세계거리춤축제</strong>가 있던 날 이었는데 축제 구경을 하기 위해 이른... 장안사거리까지 통제해놓고 즐기는 축제 본참치 사장님 말로는, 벌써 8년째 이어지고...</dd><dd class=""sh_blog_passage"">우리 부부와 함께 성장하고 있는 <strong class=""hl"">세계거리춤축제</strong>~ 우리 부부도 8년차, 축제도 올해로 8회를 맞이했네요. 결혼식 전날 와이프랑 차량이 통제된 거리를 거닐며 무척...</dd>"," <dd>© 푸껫 판타씨 제공 '푸껫 판타씨(Phuket FantaSea)'가 태국에서 <strong class=""hl"">세계</strong> 최초의 태국 <strong class=""hl"">축제</strong> 놀이공원을... 제1구역 - 카니발 펀 페어(Carnival Fun Fair): <strong class=""hl"">축제</strong>를 주제로 하는 흥미진진하고 다채로운 <strong class=""hl"">거리</strong> 박람회로, 테마별...</dd><dd>무용 <strong class=""hl"">축제</strong>로 성장했다. ‘무용’ 하면 여전히 대중성과는 <strong class=""hl"">거리</strong>가 멀게 느껴지는 것도 현실이지만... 想)은 안무가 김화숙·이정희·최은희·안선희와 김윤수·김용걸·이정윤·신창호가 각각 화려하고 아름다운 춤의 <strong class=""hl"">세계</strong>로...</dd><dd>나는 현장 속에서 마치 다른 <strong class=""hl"">세계</strong>에 온 것 같은 착각이 들었다. 그곳은 내가 알던 송파구가 아니었다. 내가... 익숙한 <strong class=""hl"">거리</strong>도 달라 보였다. 괜스레 설렜고, 모든 게 즐거웠다. * 나의 <strong class=""hl"">축제</strong>만 끝나지 않은 것은 아니었다....</dd><dd>이제 그 힘을 키워 어제 10월 27일 '<strong class=""hl"">거리춤</strong>페스타'로 다시 <strong class=""hl"">축제</strong>를 열었다. '한국민족춤협회 대구지회'의... 첫 걸음에 욕심 부리지 않고 자신만의 특색 있는 <strong class=""hl"">춤 축제</strong>로 자리매김할 수 있으리라 본다. 전국과 <strong class=""hl"">세계</strong>의 젊은...</dd><dd>서울 동대문구가 지난 21일, 사단법인 <strong class=""hl"">세계거리춤축제</strong>위원회가 주최하고 동대문구와 서울시, 동... 즐길 거리를 제공했다. 둘째 날인 22일에도 주민들이 그동안 갈고 닦은 춤 실력을 마음껏 뽐내는 ‘동대문구민...</dd><dd>올해 <strong class=""hl"">세계거리춤축제</strong>에는 2000여 명의 춤 관련 동호회 회원 및 주민, 세계 4개국 전문 무용단 등이 참가할 예정이다. 첫날인 21일에는 'K-POP'을 주제로 다양한 공연이 펼쳐진다. 22일에는 더욱 화려한 춤판이 벌어진다....</dd>"
22,청룡문화제," <dd class=""sh_blog_passage"">비를 염원하고 풍농을 기원하는 ‘제29회 <strong class=""hl"">청룡문화제</strong>’가 용두공원에서 막을 올렸습니다. 오랜 역사와 전통을 자랑하는 <strong class=""hl"">청룡문화제</strong>에 많은 분들이 찾으셨고요....</dd><dd class=""sh_blog_passage"">하늘로 머리 아홉 달린 용이 승천하는 전설을 기념하는 ‘군들<strong class=""hl"">청룡문화제</strong>’는 2012년 제1회 개최를 시작으로 어느덧 올해 제8회 행사를 개최하게 되었다. 해마다 청룡...</dd>"," <dd>동대문구(구청장 유덕열)가 26일과 27일 이틀 동안 왕산로와 용두공원 일대에서 ‘제29회 <strong class=""hl"">청룡문화제</strong>’를 개최했다. 동대문문화원과 <strong class=""hl"">청룡문화제</strong> 보존위원회가 공동으로 주최하고 동대문구·서울시가 후원한 이번 축제는...</dd>"
23,서울약령시 한방축제," <dd class=""sh_blog_passage"">대구<strong class=""hl"">약령시 한방</strong>문화<strong class=""hl"">축제</strong>에 건강 사러 오이소^^ 라고 홍보하고 있는 대구 <strong class=""hl"">축제</strong>로... <strong class=""hl"">서울</strong>이나 대구나 상가가 빈곳들이 있었는데요~그래도 굳건히 있는 곳은 <strong class=""hl"">서울</strong>의...</dd><dd class=""sh_blog_passage"">이번 <strong class=""hl"">축제</strong>에 맞춰서 <strong class=""hl"">서울</strong><strong class=""hl"">한방</strong>진흥센터가 개관했네요. 와~~ 근사하게 잘 지었네요. 한옥은 오래된 건물이어야 더 고풍스럽긴 하지만, <strong class=""hl"">약령시</strong>장이 날로 발전해 가는 것...</dd>"," <dd><strong class=""hl"">서울약령시 한방축제</strong>에서 보제원 제향의례를 시작으로 한의학 대중강연, 한방관련제품 프리마켓 등 다양한 한의학 관련 행사가 진행됐다. 서울약령시협회는 지난 11일과 12일 서울한방진흥센터와 약령시 일대에서 제25회...</dd><dd>11일 <strong class=""hl"">서울</strong><strong class=""hl"">한방</strong>진흥센터 다목적 강당에서 파이낸셜뉴스 주최로 개최된 '<strong class=""hl"">서울약령시 한방</strong>문화<strong class=""hl"">축제</strong> <strong class=""hl"">한방</strong> 국제세미나'에서는 '<strong class=""hl"">한방</strong>의 맛으로 치유하다'를 주제로 안덕근 면역약침학회 회장의 강연에 이어 이경진...</dd><dd>동대문분회는 우리나라 한의약의 메카라는 자부심을 갖고 매년 <strong class=""hl"">서울약령시 한방축제</strong>에 참여해 한방 무료투약을 통해 한약의 우수성과 안전성을 널리 알리고 전파하는데 함께 동참하고 있다. 이번 행사에는 윤종일...</dd>"
24,관악 강감찬축제," <dd class=""sh_blog_passage"">전인도 <strong class=""hl"">강감찬축제</strong> 플랭카드가 여기 저기에도 볼 수 있어요!!! 전승행렬로... 출연자들의 사진은 패스하고 <strong class=""hl"">관악</strong>구청장님의 특별무대 그리고 초대가수 트로트 가수인...</dd><dd class=""sh_blog_passage"">그려낸 관악구의 ‘2019 <strong class=""hl"">관악 강감찬 축제</strong>’가 대단원의 막을 내렸습니다. 지난... 펼치며 축제의 대미를 장식했습니다. 관악구는 강감찬 장군이 태어나 성장한...</dd>"," <dd>서울 <strong class=""hl"">관악</strong>구(구청장 박준희)는 시민 15만 여명이 참여한 가운데 '<strong class=""hl"">강감찬 축제</strong>'가 마무리됐다고 21일 밝혔다. 지난 17일 1000인 구민합창단의 하모니로 관람객들에게 감동을 선사하며 시작한 이번 <strong class=""hl"">강감찬 축제</strong>는 19일...</dd>"
25,"2019 G페스티벌
(구로아시아문화축제)"," <dd class=""sh_blog_passage""><strong class=""hl"">구로</strong> 포레버 #<strong class=""hl"">구로아시아문화축제</strong> #<strong class=""hl"">2019</strong><strong class=""hl"">구로아시아문화축제</strong> #<strong class=""hl"">구로</strong><strong class=""hl"">G페스티벌</strong> #신도림<strong class=""hl"">문화축제</strong> #<strong class=""hl"">구로</strong><strong class=""hl"">페스티벌</strong> #소프라노손지은 <strong class=""hl"">2019</strong> <strong class=""hl"">구로</strong>&amp;<strong class=""hl"">아시아문화축제</strong> <strong class=""hl"">구로</strong><strong class=""hl"">G페스티벌</strong></dd><dd class=""sh_blog_passage""><strong class=""hl"">2019</strong> <strong class=""hl"">구로</strong><strong class=""hl"">G페스티벌(</strong>점프<strong class=""hl"">구로</strong> &amp; <strong class=""hl"">아시아문화축제)</strong> <strong class=""hl"">아시아</strong> 드림콘서트 <strong class=""hl"">2019</strong>년 9월... 가을 바람이 코끝에 스칠 무렵 매년 이맘때쯤 하는 <strong class=""hl"">구로</strong> <strong class=""hl"">G 페스티벌</strong>. 올해도...</dd>"," <dd>서울 <strong class=""hl"">구로</strong>구는 <strong class=""hl"">아시아 문화축제</strong>인 '<strong class=""hl"">2019</strong> <strong class=""hl"">구로</strong> <strong class=""hl"">G페스티벌</strong>'을 오는 27~29일 안양천, 고척근린공원, 신도림역... 한 관계자는 ""'<strong class=""hl"">G페스티벌</strong>'의 '<strong class=""hl"">G</strong>'는 '<strong class=""hl"">구로</strong>구'의 영문 표기 'Guro'와 '세계적인'을 뜻하는 'Global'의 첫 글자를...</dd>"
26,2019양천해우리페스티벌," <dd class=""sh_blog_passage"">시자체 2019 서울 서커스페스티벌 ' 서커스 캬바레 ' 5.4~5.6 (3 일 간 ) ○ 국내외... 광장 양천구 <strong class=""hl"">2019 양천해우리페스티벌</strong> 2019.10 월중 (3 일간 ) ○ 양천예술제를 포함한...</dd><dd class=""sh_blog_passage"">서울 구로구 아시아 문화축제 <strong class=""hl"">2019</strong> 구로 G<strong class=""hl"">페스티벌</strong> 9/27-29일 안<strong class=""hl"">양천</strong>과 고척... 서울 <strong class=""hl"">양천</strong>구 <strong class=""hl"">해우리</strong> 문화축제 9/28 <strong class=""hl"">양천</strong>공원 11. 서울 강북구청 우이구곡...</dd>"," <dd>▲ 낙찰업체 : 주식회사 엑스플랜, 계약금액 : 21,250,000(원), 계약명 : 산림치유<strong class=""hl"">페스티벌</strong> 야외무대 설치 및... 서울<strong class=""hl"">해누리</strong>초등학교 (<strong class=""hl"">2019</strong>학년도 5학년 수련활동 위탁용역, <strong class=""hl"">2019</strong>학년도 5학년 수련활동 위탁용역)...</dd><dd>계약기관 : 서울특별시교육청 서울특별시강동송파교육지원청 서울<strong class=""hl"">해누리</strong>초등학교, 계약일자 : <strong class=""hl"">2019</strong>-08-29... ▲ 낙찰업체 : 주식회사이야기차, 계약금액 : 18,550,000(원), 계약명 : <strong class=""hl"">2019</strong>년 강남<strong class=""hl"">페스티벌</strong> 도심속 디지털...</dd>"
27,노원탈축제," <dd class=""sh_blog_passage"">아이와 함께 가볼만한곳 <strong class=""hl"">노원 탈축제</strong> 노원구 각 동 대표 기관 참여로 우리동에서 유치원대표로 참여했거든요. 엄마아빠 모두 함께 즐거운 탈 축제 행사에 참여해서 좋은...</dd><dd class=""sh_blog_passage"">까지 노원역 앞 도로에서 진행됩니다 <strong class=""hl"">노원 탈축제</strong> 축제장으로 가는 길은... 축하공연과 탈 퍼레이드 예전과 본선이 진행됩니다 탈축제에서 많은 분들이 기대하고 있는...</dd>"," <dd>기수정 기자 violet1701@ajunews.com 노원문화재단 관계자가 <strong class=""hl"">노원 탈 축제</strong>에 대해 설명하고 있다.[사진=기수정 기자] 대동, 동락, 상생을 콘셉트로 한 2019 <strong class=""hl"">노원탈축제</strong>가 오는 10월 4일부터 6일까지 노해로 및 노원 문화의 거리...</dd><dd>올해 일곱 번째를 맞는 <strong class=""hl"">노원탈축제</strong>가 다음달 4~6일 노해로 및 노원 문화의 거리 일원에서 시작 이래 최대 규모로 화려하게 펼쳐진다. 특색있는 거리 퍼레이드로 평가받는 ‘<strong class=""hl"">노원탈축제</strong>(서울시 브랜드 축제)’는 전통과...</dd><dd>지난 4일 전야제를 시작으로 3일간 노해로 550여 m 구간에서 펼쳐진 ‘2019 <strong class=""hl"">노원 탈축제</strong>’가 6일 성대한 막을 내렸다. ‘일상의 일탈을 꿈꾸다’라는 주제로 개최된 이번 탈축제는 탈과 함께 전통과 현대, 춤과 음악이...</dd><dd>서울 노원구는 지난 4일부터 6일까지 롯데백화점 사거리에서 노원 순복음교회로 이어지는 노해로 550여m 구간에서 '2019 <strong class=""hl"">노원 탈축제</strong>'를 열었다고 밝혔습니다. '일상의 일탈을 꿈꾸다'라는 주제로 전통과 현대, 춤과 음악이...</dd><dd>서울 노원구가 도심 속 일탈과 전통문화가 공존하는 '2019 <strong class=""hl"">노원 탈축제</strong>' 개최를 기념해 ‘창작 탈 전국 공모전’을 연다고 30일 밝혔다. 응모 주제는 ‘일상의 일탈을 꿈꾸는 탈’이며, 개인의 창의력을 발휘하여 자유...</dd>"
28,노원등축제," <dd class=""sh_blog_passage"">하지만 설치된 작품 대부분이 그에 따라 만들어진 것은 아니고 다만 <strong class=""hl"">노원등축제</strong>을 보러 힐링 노원으로 오라는 의미일 것입니다. 이번 축제에는 83점의 등(燈) 작품이...</dd><dd class=""sh_blog_passage"">다행히 자두아빠 사는 근처에도 축제가 하나 있었어요. 바로바로 "" <strong class=""hl"">노원등축제</strong> "" !!!! 오호~ 아기데리고 나가도 좋을정도의 날씨라서~ 도진네가족 출동!!!!ㅎ <strong class=""hl"">노원등축제</strong>!!!...</dd>"," <dd>오승록 <strong class=""hl"">노원</strong>구청장은 “<strong class=""hl"">노원</strong> 사이버 사진공모전을 통해 경춘선숲길 화랑대역, 불암산 나비정원, <strong class=""hl"">노원</strong>탈<strong class=""hl"">축제</strong> <strong class=""hl"">등</strong> 지역 명소, <strong class=""hl"">축제</strong>에서 즐기는 자연, 문화, 힐링의 순간을 포착한 다양한 작품들이 출품될 수 있도록...</dd>"
29,온동네어울림한마당," <dd class=""sh_blog_passage"">대표행사 ‘<strong class=""hl"">온동네 어울림 한마당</strong>’ 개최 - 마을별 특성이 반영된 수공예품 및... 또한 이번 행사에는 온동네 마을학교와 집수리 아카데미 등 저층주거지 시민들이...</dd><dd class=""sh_blog_passage"">kr)를 통해 지난 2016년부터 시행해 온 집수리 아카데미 활동 내역을 확인할 수 있다. 특히 이번 ‘<strong class=""hl"">온동네 어울림 한마당</strong>’ 장터에서는 제로페이 사용도 가능하다....</dd>"," <dd>또한 서울시 집수리닷컴 홈페이지를 통해 2016년부터 시행해 온 집수리 아카데미 활동 내역을 확인할 수 있다. 특히, 이번 '<strong class=""hl"">온동네 어울림 한마당</strong>' 장터에서는 제로페이 사용도 가능하다. 제로페이로 상품을 구매하는 경우...</dd>"
30,성곽마을 주민한마당," <dd class=""sh_blog_passage"">서울 성곽마을(삼선권) 전경 서울시는 10월 3일부터 14일까지 성곽마을 주민과 시민이 함께하는 ‘2018 <strong class=""hl"">성곽마을 주민한마당</strong> : 걸어서 성곽마을 속으로’ 축제를...</dd><dd class=""sh_blog_passage"">2019 <strong class=""hl"">성곽마을 주민한마당</strong> 포스터. (이미지=서울시 제공) 서울시는 10월 1일부터... 한편 향후 설립될 성곽마을 주민네트워크 협동조합은 주민한마당 축제 이외에도...</dd>"," <dd>서울시가 10월 1일(화)부터 9일(수)까지 광희장충권 <strong class=""hl"">성곽마을</strong> 탐방을 시작으로 9일 동안 <strong class=""hl"">성곽마을 주민</strong>과 시민이 함께하는 「2019 <strong class=""hl"">성곽마을 주민한마당</strong>-걸어서 <strong class=""hl"">성곽마을</strong> 속으로」축제를 개최한다. 올해로 3회째를 맞이한...</dd>"
31,2019 서울정원박람회," <dd class=""sh_blog_passage"">(목) ~ 2019년 10월 9일(수)에 열리는 <strong class=""hl"">2019 서울정원박람회</strong> 이틀째인 10월 4일, 만리동 광장에서 시작하여 해방촌까지 뚜벅이로 모두 걸어보았다. 서울정원박람회는 처음 와...</dd><dd class=""sh_blog_passage""><strong class=""hl"">서울</strong>역을 가로질러 만리동광장으로 가서 <strong class=""hl"">서울정원박람회</strong> 구경시작! 이번 <strong class=""hl"">박람회</strong> 컨셉은 황하코스모스가 길 안내를 해요. 만리동광장에서 해방촌까지 이어지는 길에 이...</dd>"," <dd>'내가 그린 건강한 세상, 착한소비 축제(페스티벌)'를 주제의 '<strong class=""hl"">2019</strong>년 친환경대전'이 144개의 기업과 단체가 참가한 가운데 23일 성대한 막을 열고 26일까지의 일정에 들어갔다. 환경부는 23일 <strong class=""hl"">서울</strong> 강남구 코엑스에서 조명래...</dd><dd>체험<strong class=""hl"">박람회</strong>다. VR, AR 게임 전시 및 무료체험과 축하공연, 철권월드투어 도죠리그 토너먼트와 배틀그라운드 모바일 현장대회까지 다양한 행사를 한자리에서 즐길 수 있다. ■ 생활예술인 페어 <strong class=""hl"">2019</strong>(10.26~27, <strong class=""hl"">서울</strong>특별시...</dd><dd>소규모 어학원부터 <strong class=""hl"">정원</strong> 500여명의 대형 필리핀어학원까지, 그 규모와 커리큘럼, 시설, 주 타겟 연수생 등... <strong class=""hl"">서울</strong> 이외 지역에서 <strong class=""hl"">박람회</strong>에 참석, 등록 시에는 해당 도시간 교통비도 지원한다고 밝혔다. 추천 어학원으로는...</dd><dd>동네<strong class=""hl"">정원</strong>D 작품 디자인 <strong class=""hl"">정원</strong>디자이너에 의해 조성돼 왔던 '작가<strong class=""hl"">정원</strong>'이 올해 <strong class=""hl"">서울정원박람회</strong>에서는 '동네<strong class=""hl"">정원</strong>D'라는 이름으로 바뀌었다. 도시재생형 <strong class=""hl"">정원박람회</strong>로 패러다임을 전환하면서, 도시와 마을로 무대를 옮겼기...</dd><dd><strong class=""hl"">2019</strong> 전국 우수시장 <strong class=""hl"">박람회</strong>가 지난 18일부터 20일까지 사흘간 동천체육관 일원에서 열린 가운데 전국 대표시장... 태화강국가<strong class=""hl"">정원</strong> 선포식과 처용문화제 등 울산지역 축제가 시너지 효과를 낸 것 같다""고 말했다. 이날...</dd><dd><strong class=""hl"">2019서울정원박람회</strong>를 축하하는 이번 음악회는 성악가의 가곡과 뮤지컬 가수의 노래, 색소폰 앙상블의 공연으로 꾸려진다. 또한 음악을 사랑하는 조경인들로 구성된 라흐합창단(LACH)의 가곡 무대도 펼쳐진다. 지난 2015년...</dd><dd>해방촌 동네정원 배치안 환경과조경과 환경조경나눔연구원이 주관하고 서울시, 서울정원박람회 조직위원회가 함께하는 ‘<strong class=""hl"">2019 서울정원박람회</strong>’가 10월 3일부터 9일까지 서울로7017 및 해방촌 일대에서 개최된다. 올해는...</dd><dd>국가<strong class=""hl"">정원</strong> 생태문화교육원에서 '<strong class=""hl"">2019</strong> 대한민국 균형발전 정책<strong class=""hl"">박람회</strong>'를 개최한다. '대한민국... 균형발전 <strong class=""hl"">박람회</strong> 홈페이지(http://goreion.kr) 또는 국가균형발전위원회 홈페이지(http//www.balance.go.kr)에서 확인할 수 있다. <strong class=""hl"">서울</strong></dd>"
32,제12회 마포나루 새우젓축제," <dd class=""sh_blog_passage"">마포에서 올해로 <strong class=""hl"">제12회</strong>를 맞은 <strong class=""hl"">마포나루 새우젓축제</strong>가 있다고 해서 다녀왔습니다. <strong class=""hl"">마포나루 새우젓축제</strong> 행사위치 <strong class=""hl"">마포나루 새우젓축제</strong>는 마포구 성산동에 위치한 마포...</dd><dd class=""sh_blog_passage"">황포돛배로 오가던 마포나루, 새우젓 축제의 장으로 거듭나다 &lt;마포에서 만나요, 새우젓이 맛나요!&gt; 10월18일(금) ~ 20일(일), ‘<strong class=""hl"">제12회 마포나루 새우젓축제</strong>’ 개최...</dd>"," <dd>업코리아, UPKOREA ▲ 황포돛배 입항재현 [업코리아]전국 산지에서 올라오는 특산품과 새우젓이 활발히 거래되던 옛 마포나루의 번영을 재현한 마포구 대표 축제인 '<strong class=""hl"">제12회 마포나루 새우젓축제</strong>'가 지난 18일부터 20일까지...</dd><dd> '<strong class=""hl"">제12회 마포나루 새우젓축제</strong>'가 18일부터 3일간 서울월드컵공원 평화의광장 일대에서 열렸다. 이번 축제에는 약 67만명의 방문객이 행사장에 들러 축제를 즐겼다. 유동균 마포구청장도 행사에 함께 했다. 마포나루...</dd>"
33,서울와우북페스티벌," <dd class=""sh_blog_passage"">들었는데, <strong class=""hl"">와우북페스티벌</strong>에서 확인해 보니 지금 텀블벅에서 펀딩 중이며 아마도 2019년 초에 출간될 것 같다고 한다. &lt;<strong class=""hl"">서울</strong>의 3년 이하 퇴사자의 가게들: 하고 싶은 일...</dd><dd class=""sh_blog_passage"">사단법인 <strong class=""hl"">와우</strong>책문화예술센터 ㅇ 후 원 : 문화체육관광부, 한국출판문화산업진흥원, <strong class=""hl"">서울</strong>시, 마포구, <strong class=""hl"">서울</strong>문화재단, 서교예술실험센터, 마포문화재단, KT...</dd>"," <dd>와우책문화예술센터는 오는 10월 3일부터 6일까지 홍대주차장거리 및 주변 공간에서 제15회 <strong class=""hl"">서울와우북페스티벌</strong>을 진행한다. ‘깊게, 느리게, 풍부하게’ 주제의 제15회 <strong class=""hl"">서울와우북페스티벌</strong>은 동시대 독자들의 관심사 및...</dd><dd>와우책문화예술센터(대표 이채관)는 다음달 3일부터 6일까지 나흘간 서울 마포구 홍익대 앞 주차장거리 및 주변공간에서 제15회 <strong class=""hl"">서울와우북페스티벌</strong>을 개최한다고 25일 밝혔다. 이번 페스티벌의 주제는 '깊게, 느리게...</dd><dd>(사)와우책문화예술센터(대표: 이채관)는 2019년 10월 3일(목)부터 6일(일)까지 4일 간 홍대주차장거리 및 주변 공간에서 제15회 <strong class=""hl"">서울와우북페스티벌</strong>을 진행한다. 제15회 <strong class=""hl"">서울와우북페스티벌</strong>의 주제는 '깊게, 느리게, 풍부하게...</dd><dd>이로운넷=박재하 사진 기자 '2019 제15회 <strong class=""hl"">서울와우북페스티벌</strong>'이 10월 3일 강연 프로그램을 시작으로 화려한 막이 올랐다. 4일부터는 홍대주차장거리를 중심으로 거리 도서전과 야외행사 프로그램이 시작되며, '깊게...</dd><dd>뉴스토마토 = 권익도 기자 |  15회를 맞은 '<strong class=""hl"">서울와우북페스티벌</strong>'이 오는 6일까지 홍대에서 진행된다. 올해는 '깊게, 느리게, 풍부하게'를 주제로 동시대 독자들의 관심사, 시대적 담론을 다각도에서 깊이 있게 조명한다....</dd><dd>강연과 포럼 등을 통해 책과 동시대에 대해 생각해볼 수 있는 ‘제15회 <strong class=""hl"">서울와우북페스티벌</strong>’이 10월 3일부터 6일까지 홍대주차장거리와 주변 공간에서 열린다. 올해는 ‘깊게, 느리게, 풍부하게’를 주제로 동시대...</dd><dd>'<strong class=""hl"">서울와우북페스티벌</strong>' 책을 좋아하는 사람이라면 10월 홍대거리에서 열리는 '<strong class=""hl"">서울와우북페스티벌</strong>(이하 와우북페스티벌)'을 모를 리 없다. 사회적기업 (사)와우책문화예술센터가 국내 첫 책축제를 표방하며 2005년부터...</dd><dd>소득공제가 가능한 서점, 북페스티벌에 대해 소개한다. 소개한 북페스티벌은 ▲대한민국독서대전 ▲문학주간 ▲<strong class=""hl"">서울와우북페스티벌</strong> ▲파주북소리 등이다. 문화비 소득공제는 서점 외 박물관, 미술관, 공연장 등도 가능하다.</dd>"
34,서울프린지페스티벌," <dd class=""sh_blog_passage"">6호선 월드컵경기장역에 내려 <strong class=""hl"">서울프린지페스티벌</strong>이 열리는 문화비축기지를... 옮기기까지 프린지페스티벌이 가지고 있었던 문제의식과 지향점을 알아갈 수 있었던...</dd><dd class=""sh_blog_passage"">작년에 축제 기획자 특강을 들을 당시, <strong class=""hl"">프린지 페스티벌</strong> 기획자 분께서 오셔서 강연을 해 주셔서 알게 되었던 행사. 방학이 끝나가고 있어, 어디 축제라도 갈까 싶어서...</dd>"," <dd>문화비축기지는 ‘아지트’라는 이름에 걸맞게 고유한 분위기를 내뿜고 있었다.석유탱크의 외관은시간을 머금은 듯 빛바랜 색이었지만 ‘<strong class=""hl"">서울프린지페스티벌</strong> 아카이브 전시: 1998-2019’를 관람하러 내부로 향했을 때는...</dd><dd>문화비축기지에서 진행된 <strong class=""hl"">서울프린지페스티벌</strong>에 다녀왔다. 올해로 19주년이 된 <strong class=""hl"">서울프린지페스티벌</strong>은 홍대와 월드컵경기장을 거쳐 문화비축기지에서 새롭게 시작했다. 이번 <strong class=""hl"">서울프린지페스티벌</strong>에서 지금까지 <strong class=""hl"">페스티벌</strong>의...</dd><dd>하는 우려를 안고 <strong class=""hl"">서울프린지페스티벌</strong>에 갔다. 결론을 말하자면 나의 완전한 오판이었다. <strong class=""hl"">서울프린지페스티벌</strong>에서 즐겼던 모든 콘텐츠에 ‘내’가 녹아 있었다. T2로 향했다. 영화를 보기 위해서다.올라가는 길에 프로그램...</dd><dd>다섯 명의 감독이 만든 다큐멘터리 영화로 2018<strong class=""hl"">서울프린지페스티벌</strong>에 참여한 아티스트들의 이야기를 담아냈다. 주로 연극을 하는 아티스트 팀들이 등장했는데 별다를 것 없는 일상 속에서 그들의 절박함을 생생하게...</dd><dd>우리 일행은 한결 가벼운 발걸음으로 역을 나섰다.<strong class=""hl"">서울프린지페스티벌</strong>이 열리는 문화비축기지는 6호선 월드컵경기장역 2번 출구에서 도보 10분 거리에 있었다. 문화비축기지 입구에서부터 티켓부스까지 가는 길도...</dd><dd>더 많은 작품을 보지 못해서 아쉬움이 많이 남았다.예술의 범위를 넓히다.&lt;<strong class=""hl"">서울프린지페스티벌</strong>&gt;을 통해, ‘예술’에 대해 내가 갖고 있던 시야를 넓힐 수 있었다. “이것이 예술이다.”라고 딱 말할 수 있는 것은 없지만, 그...</dd><dd><strong class=""hl"">서울프린지페스티벌</strong>2019는 '예술적 일탈을 상상하다! 예술아지트:<strong class=""hl"">프린지</strong>'를 주제로 8월 15일부터 24일까지 10일간 문화비축기지에서 진행되었다.(T6로 올라가는 길) 솔직한, 그래서 더 와닿는 1인 창작극의 힘무엇이 연극인지...</dd><dd>6호선 월드컵경기장역에 내려 <strong class=""hl"">서울프린지페스티벌</strong>이 열리는 문화비축기지를 찾았다. 마포구 상암동의 문화비축기지는 2019 <strong class=""hl"">서울</strong>건축문화제에서 대상을 차지한 공간으로, 석유비축기지를 문화공간으로 탈바꿈한 것으로 잘...</dd><dd>독립 예술 축제인 <strong class=""hl"">서울프린지페스티벌</strong>이 진행된다. 올해 문화비축기지로 자리를 옮긴 <strong class=""hl"">서울프린지페스티벌</strong>은 예술계의 숨어있는 목소리를 찾고, 예술가의입을 열게 함으로써, 예술가의 존재를 일깨우는 담론의 장을...</dd>"
35,서울국제뉴미디어페스티벌," <dd class=""sh_blog_passage"">제18회 <strong class=""hl"">서울국제뉴미디어페스티벌</strong>(이하 네마프)의 자원활동가 '뉴미디어루키' 프로그램팀에 지원하여 합격한 게 7월 13일. 사실 공식 면접일 이후에 일본어 담당...</dd><dd class=""sh_blog_passage"">EBS다큐국제영화제&gt;에 캐나다의 영화 8편이 소개됩니다. 제18회 <strong class=""hl"">서울국제뉴미디어페스티벌</strong> 일시: 2018년 8월 15일(수) ~ 8월 24일(금) 장소: 서울아트시네마...</dd>"," <dd>롯데시네마는 '제19회 <strong class=""hl"">서울국제뉴미디어페스티벌</strong>(Seoul International NewMedia Festival·NeMaf)(이하 네마프)' 본선작 시상식이 지난 21일 롯데시네마홍대입구에서 열렸다고 23일 밝혔다. 이날 시상식은...</dd><dd>불편하지 않은 콘텐츠를 소비할 수 있을 거란 기대를 가지고 방문한 제 19회 <strong class=""hl"">서울국제뉴미디어페스티벌</strong>. 이번... 뉴-장르II 가장 먼저 감상했던 영상은 ‘글로컬 단편: 뉴-장르 II’였다. 이 영상들은 글로컬구애전에 출품된...</dd><dd>지금의 ‘뉴 미디어’란 무엇일까. 이 질문을 품고 <strong class=""hl"">서울국제뉴미디어페스티벌</strong>(이하 네마프 2019)로 향했다. 네마프 2019에 가니 2014년이 생각났다. 그때 ‘대안 미디어 세미나’라는 강의를 수강했는데 지금은 주류인...</dd><dd>8월 19일 <strong class=""hl"">국제뉴미디어페스티벌</strong>을 다녀왔다. 아침 10시 반부터 밤 9시 반까지 하루 종일 전시와 영화를 보기 위해 홍대 주변을 돌아다녔다.단편까지 합해서 10편 넘는 영화들을 볼 수 있었다. 재밌는 영화들보다는 인상 깊은...</dd><dd>한 가지 주제로 다양한 사회 문제를 재조명한제19회 <strong class=""hl"">서울국제뉴미디어페스티벌</strong>. 다소 가벼운 주제부터 진지하고무거운 주제까지, 2019 네마프의 작품 스펙트럼은 프리즘 속 무지개와 같았다. 그만큼 작품이 다양했으며...</dd><dd>부끄럽지만 정말로 오랫동안 나는 그렇게 살았다.페미니스트 창당 도전기제19회 <strong class=""hl"">서울국제뉴미디어 페스티벌</strong>이 지난 8월 24일을 끝으로 막을 내렸다. 올해의 슬로건이 ‘젠더X국가’였던 만큼 네마프 2019에서는 젠더에...</dd>"
36,2019 판 페스티벌," <dd class=""sh_blog_passage"">전통연희 <strong class=""hl"">페스티벌</strong> 일시 <strong class=""hl"">2019</strong>년 6월 1일(토) ~ 2일(일) 11:00 ~ 20:00 장소 상암... 뛸 <strong class=""hl"">판</strong>, 관객을 위한 놀 판으로 전통의 신명을 많은 이들과 나누고 싶다”고 밝혔다....</dd><dd class=""sh_blog_passage""><strong class=""hl"">2019</strong> 전통연희 <strong class=""hl"">페스티벌</strong> “연희자의 뛸판, 관객을 위한 놀판, 모두 살맛나는 한판” 6.1(토) ~ 6.2(일) 문화비축기지 일원 * 전 연령 관람 가능 / 모든 프로그램 무료!...</dd>"," <dd>'<strong class=""hl"">2019 판 페스티벌</strong>'이 11월 4일부터 24일까지 소극장 산울림, 카페 언플러그드, 산울림 아트앤크래프트에서 열린다. 2016년 처음 시작한 '판 페스티벌'은 다양한 예술장르의 아티스트들에게 말 그대로 '판'을 제공한다는...</dd><dd>국내 최초로 아카데미 공식 지정 국제영화제로 선정된 '제21회 부천국제애니메이션<strong class=""hl"">페스티벌</strong>(BIAF <strong class=""hl"">2019</strong>)'이 18일 개막했다. 22일까지 이어지는 이 <strong class=""hl"">페스티벌</strong>에는 38개국 166편의 애니메이션 작품이 영화인과 관객을 맞이한다....</dd><dd>서울 도봉구는 오는 28일부터 29일까지 도봉산 일대에서 ‘<strong class=""hl"">2019</strong> 도봉산<strong class=""hl"">페스티벌</strong>’을 개최한다고 26일 밝혔다.... 28일 오후 6시에는 ‘선셋 재즈와 레게 파티’공연이 진행되고, 이외에도 행사장 곳곳에서 △광대의 <strong class=""hl"">판</strong>...</dd>"
37,홍대앞 예술시장 프리마켓," <dd class=""sh_blog_passage"">8/31 (토) 13시~18시 30분 토요일은 프리마켓 하는날! <strong class=""hl"">홍대앞 예술시장 프리마켓</strong>... 일상예술창작센터 문의 : *************@*****.*** 전화 : 02-325-8553 인스타그램...</dd><dd class=""sh_blog_passage"">#홍대프리마켓 #<strong class=""hl"">홍대앞예술시장프리마켓</strong> #프리마켓 #홍대마켓 가보고 싶었던 홍대프리마켓을 다녀왔어요. 규모가 좀 작아지긴 했지만 공연도 보고 무엇보다 코치, 코비...</dd>"," <dd>이러한 국내 프리마켓의 확산에 견인차 역할을 하였고, 또 시초라고 할 수 있는 프리마켓은 ‘<strong class=""hl"">홍대앞 예술시장 프리마켓</strong>’이다. 2002년 월드컵으로 거리 응원 문화가 시작되고 도시가 역동적으로 변모하던 그해 6월, 1인...</dd><dd>'<strong class=""hl"">홍대앞 예술시장 프리마켓</strong>'은 기존에는 전문가의 영역으로만 규정되던 예술이 시민 일상과 가까워지게 만든 선구자 역할을 했다. 홍대 놀이터 프리마켓은 한·일 월드컵 떄 기획된 문화 행사다. 홍대 주변에서 활동하는...</dd><dd><strong class=""hl"">홍대앞 예술시장 프리마켓</strong> [사진= 일상예술창작센터] 그러나 국내의 플리마켓은 상황이 다르다. 서울의 대표적인 플리마켓으로 알려진 홍대앞 예술시장과 희망시장, 합정ㆍ이태원 거리의 플리마켓들, 명동 성당...</dd><dd>매주 토요일 홍대 앞 낮 문화를 이끌어온 <strong class=""hl"">홍대앞 예술시장 프리마켓</strong>이 오는 11월25일(토)에 특별한 크리스마스를 준비했다. 지난 2002년 6월 시작으로 16회째 열리고 있는 <strong class=""hl"">홍대앞 예술시장 프리마켓</strong>은 생산과 소비의...</dd><dd>아이디어 기획·운영 시민 도맡아 홍대·서울숲 등 13곳서 29일까지 지난해 열렸던 ‘2016 서울시민시장 위크’에서 시민들이 <strong class=""hl"">홍대앞 예술시장 프리마켓</strong>을 둘러보고 있다. /사진제공=서울시 [서울경제] 서울시민의...</dd><dd>ⓒ 일상예술창작센터 [프라임경제] 사회적기업 일상예술창작센터가 주최하는 '<strong class=""hl"">홍대앞 예술시장 프리마켓</strong>'이 오는 3일 새롭게 단장한 홍익공원에서 개장한다. 올해 16회를 맞이한 <strong class=""hl"">홍대앞 예술시장 프리마켓</strong>은 생산과...</dd>"
38,벚꽃축제," <dd class=""sh_blog_passage"">무대의 플랜카드에는 2019년 4월 5일에서 21일까지 축제기간이라고 적혀 있네요. 이렇게 긴 <strong class=""hl"">벚꽃축제</strong>기간을 본 적이 없는데... 초에는 벚꽃이 피지 않아서 꽤 걱정을...</dd><dd class=""sh_blog_passage"">2019 여의도 <strong class=""hl"">벚꽃축제</strong>로 시작한 서울 봄꽃축제 4월의 시작과 함께 여기저기에서 벚꽃에 대한 소식이 들려오고 벚꽃여행으로 간 제주도에서 제대로 만끽하지 못한 벚꽃을...</dd>"," <dd>아울러 허 시장은 ""봄 진해<strong class=""hl"">벚꽃축제</strong>, 가을 마산국화<strong class=""hl"">축제</strong>, K-POP 월드페스티벌 등 도시 전체를 대표할 <strong class=""hl"">축제</strong>가 있으면, 주민들에 의해 만들어지는 마을<strong class=""hl"">축제</strong> 등도 다양하다. 개인적으로 통폐합은 반대""라고 했다. 현장...</dd><dd>그 외 △울산프롬나드 페스티벌(9월) △처용문화제(10월) △울산태화강 대숲납량<strong class=""hl"">축제</strong>(8월) △한글문화예술제(10월) △울산119안전문화<strong class=""hl"">축제</strong>(10월) △울산배<strong class=""hl"">축제</strong>(10월) △울주세계산악영화제(9월) △작천정 <strong class=""hl"">벚꽃축제</strong>(4월)...</dd><dd>또한 진주유등<strong class=""hl"">축제</strong>, 안동탈춤<strong class=""hl"">축제</strong>,이태원 지구촌<strong class=""hl"">축제</strong>,진해<strong class=""hl"">벚꽃축제</strong> 등이 인기가 있는 것으로 파악되었다. 이번 <strong class=""hl"">축제</strong>는 지역별/테마별 특성을 감안하여 공개 조사와 전문가를 활용한 델파이 기법(Delphi...</dd><dd>'2017 보야지 투 자라섬'을 시작으로 작년에는 '2018 여의도 <strong class=""hl"">벚꽃축제</strong>'와 '2018 제주올레걷기<strong class=""hl"">축제</strong>'에 참여했으며, 올해는 지난 6월 '레인보우 뮤직&amp;캠핑 페스티벌 2019'에 이은 두 번째 마케팅 협업이다. 제주올레걷기<strong class=""hl"">축제</strong>는...</dd>"
39,장미원축제," <dd class=""sh_blog_passage"">장미 축제에 한번 갔다와 봐서 과천 서울대공원 <strong class=""hl"">장미원 축제</strong>는 어떨까 하는 생각이... 표는 장미원 정문과 동물원 정문 어느 곳에서나 살 수 있더라구요... (장미원 보고...</dd><dd class=""sh_blog_passage"">원래는 올림픽공원에서 장미축제한다고 해서 알아보다가 위치가 너무 애매해서... 서울대공원 <strong class=""hl"">장미원축제</strong>에서는 장미원 사진관이라는 간이 사진관 + 이벤트를 운영하고...</dd>"," <dd>▲ 인천일보, INCHEONILBO 안산시 상록구 성포동 행정복지센터는 주민자치위원회 주관으로 노적봉폭포공원 <strong class=""hl"">장미원</strong> 일원에서 '제8회 성포동 가을소나타' 마을<strong class=""hl"">축제</strong>를 성황리에 마쳤다고 28일 밝혔다. '주민과 함께하는...</dd><dd><strong class=""hl"">축제</strong> 기간 <strong class=""hl"">장미원</strong> 일대는 다양한 포토스팟과 인증샷 소품, 이색 연출물 등을 통해 야외 캠핑장 분위기로 변신한다. <strong class=""hl"">축제</strong> 기간에 맞춰 100만 송이 가을 장미는 물론, 포인세티아, 메리골드 등 다양한 가을꽃이 만개해 720석...</dd>"
40,동물원 속 미술관," <dd class=""sh_blog_passage"">토요일 형아 5세(50개월) 동생 2세(19개월) 주말나들이 ♩ 서울대공원 동물원 가을축제 '<strong class=""hl"">동물원 속 미술관</strong> 즐기기' 아이들과 주말나들이♩ 서울대공원 동물원부터 미술관...</dd><dd class=""sh_blog_passage"">전국에 동물원과 미술관은 많지만, 너무 먼곳으로 드라이브는 싫다는 저의 의견을... 서울대공원 동물원은 제4회 <strong class=""hl"">동물원 속 미술관</strong> 이라는 제목으로 가을축제를 하고...</dd>"," <dd>또한 <strong class=""hl"">동물원</strong> 정문 앞 커다란 호랑이 상과 함께 달을 관람하는 것도 특색 있는 풍경이다. 미리내 다리 위에서 보이는 자연의 모습도 인상적인 풍경이다. 호수에 비친 아름다운 달을 감상해보자. 고즈넉한 현대 <strong class=""hl"">미술관</strong>...</dd><dd>생태<strong class=""hl"">동물원</strong> 조성 및 <strong class=""hl"">동물원</strong> 발전 방향 수립을 목적으로 기획된 해외연수는 해당 팀장을 포함해 5명으로 꾸려졌으며, <strong class=""hl"">동물원</strong>ㆍ<strong class=""hl"">미술관</strong>ㆍ성당ㆍ경기장ㆍ공원ㆍ수족관 견학 일정으로 채워졌다. 이들에게는 1인당 150만원의...</dd><dd>◇ 축적된 시간 <strong class=""hl"">속</strong> '사실'을 보여줄 수 있으리라는 기대 '동물, 원'은 청주<strong class=""hl"">동물원</strong>을 배경으로 그곳의 동물과 사람을 좇는다. 계기는 우연한 데서 왔다. 왕 감독이 청주시립<strong class=""hl"">미술관</strong>에서 공연 기획을 하던 중 현재 청주를...</dd><dd>그래서 청주<strong class=""hl"">동물원</strong>을 선택한 걸까. 그건 아니다. 청주 <strong class=""hl"">미술관</strong>에서 무성영화에 일렉트로닉 음악을 접목한... 특히 돌잔치 영상 <strong class=""hl"">속</strong> 어린 ‘박람이’의 모습이 매우 귀엽더라. 극의 건조한 분위기에 감성을 불어넣었다. (웃음)...</dd><dd>발보아 공원은 <strong class=""hl"">동물원</strong>·<strong class=""hl"">미술관</strong>·자동차박물관·항공우주박물관·자연사박물관 등을 갖추고 있는 발보아 공원에는 연간 관광객 1천500만명이 방문하고 있다. 이 공원에는 일본의 정원과 중국의 박물관 등 여러 나라의...</dd><dd>오늘 5일(금) 11시 50분부터 14시까지 영화채널 CGV에서 영화 &lt;<strong class=""hl"">미술관</strong> 옆 <strong class=""hl"">동물원</strong>&gt;이 방송된다. 1998년 12월 19일 개봉된 이정향 감독, 심은하, 안성기, 이성재, 송선미 주연의 &lt;<strong class=""hl"">미술관</strong> 옆 <strong class=""hl"">동물원</strong>&gt;은 네티즌 평점 8.76을 받은 108분...</dd>"
41,종로랑 페스티벌," <dd class=""sh_blog_passage"">2019 <strong class=""hl"">종로랑 페스티벌</strong>이 열리는 대학로 마로니에 공원에 다녀왔답니다. 아이랑... 봐주더라고요~ 종로랑 페스트벌이 이루어진 대학로 마로니에 공원은 거리 버스킹...</dd><dd class=""sh_blog_passage"">가을 햇살 가득했던 10/12 토요일, 대학로 마로니에공원에서 펼쳐진 &lt;2019 <strong class=""hl"">종로랑페스티벌</strong>&gt; 현장을 공유합니다! 먼저 페스티벌을 찾아준 방문객들을 위해 ""종로랑 찍자!...</dd>"," <dd><strong class=""hl"">종로</strong>구 연합체육대회는 연합문화예술 <strong class=""hl"">페스티벌</strong>과 더불어 보령중보재단이 2009년부터 꾸준히 후원을 이어가고 있는 대표적인 문화예술 나눔 활동이다. 한편 보령중보재단은 보령제약그룹 창업 50주년을 맞은 2007년에...</dd>"
42,대학로거리공연축제," <dd class=""sh_blog_passage"">지난 금요일부터 마로니에 공원에서 <strong class=""hl"">거리공연 축제</strong>가 진행중이라 오후에 잠시 다녀옴. <strong class=""hl"">대학로</strong> 근처에 사니 이런 게 참 조으다. ㅋㅋㅋㅋㅋ 금요일 오후에는 인형극은...</dd><dd class=""sh_blog_passage"">볼거리가 많았는데요 마침 5월17일~19일 금토일 3일간 2019 <strong class=""hl"">대학로 거리공연 축제</strong>를 하고 있었습니다 (뒷 후기 보니.. 일요일에는 비와서 마지막 축제 못했다는 ㅠ.ㅠ 흑흑...</dd>"," <dd>‘무용’ 하면 여전히 대중성과는 <strong class=""hl"">거리</strong>가 멀게 느껴지는 것도 현실이지만, 2017년부터는 무용인만의 잔치가 아닌 시민 참여형 <strong class=""hl"">축제</strong>로 거듭났다. 지난해 무용제는 대한민국 <strong class=""hl"">공연</strong>예술제 ‘A등급’을 받으며 예술성에...</dd><dd><strong class=""hl"">공연</strong>예술통합전산망(KOPIS)에 따르면, 무용, 연극, 오페라 등 <strong class=""hl"">공연</strong>예술의 9월 한 달간 전국 <strong class=""hl"">공연</strong> 건수의 47.5%가... 전두환 정권의 이미지 관리 차원에서 시작된 정책 중 하나가 <strong class=""hl"">대학로</strong>의 <strong class=""hl"">축제</strong> <strong class=""hl"">거리</strong> 조성이었기 때문이다. 비록...</dd><dd>한편 웰컴<strong class=""hl"">대학로</strong>는 공사가 2017년부터 <strong class=""hl"">공연</strong>의 <strong class=""hl"">거리</strong> <strong class=""hl"">대학로</strong>를 한국판 브로드웨이로 육성하고자 외국인관광객 유치 증대를 위해 개발한 아시아 유일의 <strong class=""hl"">공연</strong>관광<strong class=""hl"">축제</strong>로, 올해는 9월2일~10월27일 기간 동안 70개 <strong class=""hl"">공연</strong>작품이...</dd>"
43,대학로문화축제," <dd class=""sh_blog_passage"">후회되는 말과 행동을 여기에 버리세요""라는 공간엔 마음부터 환경적인 요소를 동시에 생각하게 하는 대학로였다. <strong class=""hl"">대학로 문화축제</strong>에 특별한 공간을 보게 했다....</dd><dd class=""sh_blog_passage"">제 18회 <strong class=""hl"">대학로문화축제</strong> ""마이웨이빌리지""가 끝이 났습니당ㅠㅠ 모두들 잘 즐겨주셨나요~~? ㅎㅎ 오늘 포스팅에서는 축제 전날 준비과정과 축제 첫날에 대해 다뤄보려고...</dd>"," <dd>서울 종로구(구청장 김영종)는 서울 종로구 동숭동 혜화역 일대에서 23일부터 25일까지 대학생들이 직접 기획하고 만드는 '제18회 <strong class=""hl"">대학로문화축제</strong>'를 개최한다. <strong class=""hl"">대학로문화축제</strong>는 <strong class=""hl"">대학로 문화</strong>지구 활성화를 목표로...</dd><dd>오는 23일부터 25일까지 종로구 <strong class=""hl"">대학로</strong>일대에서 제18회 <strong class=""hl"">대학로문화축제</strong>를 개최합니다. (자료화면) 이번 행사는 30여개 대학생들이 기획단을 구성해 <strong class=""hl"">문화축제</strong>를 주관합니다. <strong class=""hl"">축제</strong> 주요 공연으로는 아시아 대학생 공연...</dd>"
44,종로한복축제," <dd class=""sh_blog_passage"">[ 포토존 ] 조선시대 여인의 방을 재현한 2019 <strong class=""hl"">종로한복축제</strong> 포토존! 곱고 예쁜 한복을 입으신 분들을 대상으로 포토콘테스트도 진행하였는데요! 축제장에 찾아주신...</dd><dd class=""sh_blog_passage"">이번에 <strong class=""hl"">종로한복축제</strong> 한다는데 한복입고 <strong class=""hl"">종로한복축제</strong> 보러가셨다가 여기... 이번에 <strong class=""hl"">종로한복축제</strong>가 9월17일부터 22일까지 인가 한다고 하니 시간되시는 분들은 축제도...</dd>"," <dd>21일 서울 대학로 마로니에 공원에서 열린 2019 <strong class=""hl"">종로한복축제</strong>에서 정세균 국회의원, 김영종 종로구청장, 유양순 종로구의회 의장 등이 행사에 참가하고 있다. 21일, 22일 양일간 열린 2019 <strong class=""hl"">종로한복축제</strong>는 우리의 고운...</dd>"
45,윤동주문학제," <dd class=""sh_blog_passage"">윤동주문학관입니다. 긴급히 <strong class=""hl"">윤동주문학제</strong>의 일정을 변경하게 되어 여러분께 공지드립니다. 이번 주 주말 태풍 경보로 인하여 많은 분들이 문학제 일정 변경이 있는지...</dd><dd class=""sh_blog_passage"">김영종 구청장은 “3·1운동 100주년을 맞아 올해 <strong class=""hl"">윤동주문학제</strong>를 개최하게 됐다. 윤동주문학관 일대에서 3일간 펼쳐지는 이번 문학제가 윤동주 시인의 아름다운...</dd>"," <dd>서울 종로구(구청장 김영종)는 6일부터 8일까지 윤동주문학관 일대에서 '2019 <strong class=""hl"">윤동주문학제</strong>'를 개최한다고 4일 밝혔다. 윤동주 문화제는 ▲3·1운동 100주년 기념 특별강연 ▲윤동주 문학토크 콘서트 ▲전국 청소년...</dd>"
46,서리풀페스티벌," <dd class=""sh_blog_passage"">반려견 음악 패션쇼 이번 <strong class=""hl"">서리풀 페스티벌</strong>의 슬로건~ 음악과 하나되다!에 걸맞게... 꾸꾸야, 우리 가족에게 와줘서 너무 고마워! 우리 내년에도 반려견 페스티벌가자~!</dd><dd class=""sh_blog_passage"">- 서초구 SNS 서포터즈 3기 유수경 - 2019 <strong class=""hl"">서리풀 페스티벌</strong>, 그 화려한 개막을... 이어, 유명 MC 김승현 님이 서리풀 축제 개막을 모든 주민들과 함께 선언해주시고, 본...</dd>"," <dd>서울 서초구(구청장 조은희)는 28일 반포대로에서 <strong class=""hl"">서리풀페스티벌</strong>의 대미를 장식할 1000명의 오케스트라, 한불음악축제, 일렉트로닉 댄스뮤직(EDM)파티 등의 폐막행사를 연다고 26일 밝혔다. 28일 오후 2시 1000명의...</dd>"
47,반포서래 한불음악축제," <dd class=""sh_blog_passage""><strong class=""hl"">반포</strong>본동, 1-2-3-4동이 2008년부터 한 해 거르고 9년째 주최하고 있는 <strong class=""hl"">한불음악축제</strong>의 오랜 팬(?)이어서 <strong class=""hl"">서래</strong>마을 집에서 걸어내려와 한강공원 세빛섬 옆 예빛섬 앞...</dd><dd class=""sh_blog_passage"">jsp 고속터미널에서 반포한강공원 가는길 저는 고속터미널에서 내려서 걸어서... 서초구 서래마을에서 프랑스 음악축제의 날에 맞추어 <strong class=""hl"">반포서래 한불음악축제</strong>를...</dd>"," <dd>이날 오후 7시부터는 <strong class=""hl"">반포</strong>대로 특설무대에서 '<strong class=""hl"">한불음악축제</strong>'도 열린다. 이번 <strong class=""hl"">축제</strong>를 위해 특별히 프랑스... 이들은 <strong class=""hl"">반포</strong>대로, 서초<strong class=""hl"">음악</strong>문화지구 악기거리, <strong class=""hl"">서래</strong>마을 몽마르뜨공원, 강남역 바람의언덕, 양재천...</dd>"
48,서초골 축제," <dd class=""sh_blog_passage"">2018 서초 서리풀페스티벌 악기거리<strong class=""hl"">축제</strong> &amp; <strong class=""hl"">서초골</strong> 음악회 문화와 예술의 도시 서초, 2018 서초 서리풀페스티벌에서 준비한 악기거리<strong class=""hl"">축제</strong>와 <strong class=""hl"">서초골</strong>음악회!...</dd><dd class=""sh_blog_passage""><strong class=""hl"">서초골</strong>음악회 서초교향악단, 윤도현 밴드 개막공연 ‘<strong class=""hl"">서초골</strong>음악회’ 21일 저녁 8시, <strong class=""hl"">축제</strong>의 열기를 이어 반포대로 특설무대에서 서리풀페스티벌의 개막공연인...</dd>"," <dd>'눈으로 듣는 음악<strong class=""hl"">축제</strong>'를 지향하는 올해는 초등학생부터 세계적인 전문가까지 무대를 꾸미고 전국화·세계화에 성큼 다가서는 모양새다. 나눔 친환경 등 <strong class=""hl"">축제</strong>문화를 선도하는 움직임도 보인다. '사운드 오브 서초'는...</dd><dd>이번 <strong class=""hl"">축제</strong>의 특징은 '눈으로 듣는 음악 <strong class=""hl"">축제</strong>'다. 정통 클래식부터 EDM까지 장르를 넘어선 다양한 음악들이... 반포대로 특설무대에서 대규모 거리콘서트, 서리풀페스티벌의 개막공연인 '<strong class=""hl"">서초골</strong>음악회'가 21일 오후 8시...</dd>"
49,정월대보름 달맞이행사," <dd class=""sh_blog_passage"">형식상 정월대보름을 지내는 분들이 많아졌습니다. 하지만 강원도 춘천에서는 2019 기해년 <strong class=""hl"">정월대보름 달맞이 행사</strong>를 맞이해서 공지천에 큰 행사를 열었습니다. 나름...</dd><dd class=""sh_blog_passage"">봉사자들&gt; <strong class=""hl"">행사</strong>장 한 켠에는 무료로 떡국과 돼지고기 수육, 김치를 나눠주어 참여한 시민들의 배를 든든하게 해주었고 구운 군밤이며 땅콩등 <strong class=""hl"">정월대보름</strong><strong class=""hl"">맞이</strong>...</dd>"," <dd>모레 <strong class=""hl"">정월대보름</strong>…도심 곳곳 <strong class=""hl"">달맞이 행사 정월대보름</strong>을 이틀 앞두고 곳곳에선 달집태우기와 쥐불놀이 같은 다양한 전통<strong class=""hl"">행사</strong>가 펼쳐지고 있는데요. 현장에 나가 있는 뉴스캐스터 연결해보겠습니다. 진수민 캐스터....</dd><dd>▲사진=2019 <strong class=""hl"">정월대보름</strong> 민속놀이 한마당 송파구는 오는 19일 서울놀이마당에서 밝은 <strong class=""hl"">달</strong> 아래, 달집을 태우며 한 해 소원을 비는 <strong class=""hl"">정월대보름 달맞이 행사</strong>를 진행 한다. <strong class=""hl"">정월 대보름</strong>은 한 해를 처음 시작하는 달로 달집을...</dd>"
50,잠원나루축제," <dd class=""sh_blog_passage""><strong class=""hl"">잠원나루 축제</strong>와 이포보 (2018.9.15.) 날씨가 흐리긴 하지만 가을나들이 하기에 딱... 운전 중이라 집사람이 대신 보도록 했더니, 아범이 준모하고 <strong class=""hl"">잠원나루 축제</strong>에...</dd><dd class=""sh_blog_passage"">&lt;앵커멘트&gt; 잠원동을 대표하는 축제, 바로 <strong class=""hl"">잠원나루축제</strong>입니다. 그간 친잠례 재현과 같이 잠원동의 특성을 살린 콘텐츠로 시선을 사로잡았다면, 이번에는 숲속을...</dd>"," <dd>경기도 광주시에 위치한 화담숲에서 '가을 화담숲 단풍 <strong class=""hl"">축제</strong>'가 지난 12일부터 다가오는 3일까지 열린다.... 은행나무가 많은 서울 숲, 왕벚나무가 있는 송파<strong class=""hl"">나루</strong> 공원, 느티나무와 플라타너스가 어우러진 서울대공원...</dd><dd>삼강주막 <strong class=""hl"">나루</strong>터 <strong class=""hl"">축제</strong>장을 찾은 관광객들도 막걸리와 전통음식을 맛보고 황포돛배와 절편 만들기를... 부산 방향 한남나들목∼<strong class=""hl"">잠원</strong>나들목 2.7㎞ 구간도 정체 중이다. 중부고속도로 하남 방향 서청주나들목 인근 6...</dd><dd>15일 오전 10시 잠원체육공원에서는 누에를 키워 비단실을 뽑던 '잠원'이라는 지역의 유래에서 시작된 '<strong class=""hl"">잠원나루 축제</strong>'가 진행된다. 잠원동의 역사성을 살려 누에 생태 체험관을 운영해 평소 보기 힘든 누에고치를 직접...</dd>"
51,행복내곡축제," <dd class=""sh_blog_passage"">「너를 위한 체육대회 - 따로 또 같이, 그리고 함께!」 <strong class=""hl"">내곡</strong>중학교에서는 11월 9일... 이렇게 <strong class=""hl"">행복</strong>하고 즐거운 체육<strong class=""hl"">축제</strong>가 막을 내렸습니다. 내년에 더 재미있게 만나요...</dd><dd class=""sh_blog_passage""><strong class=""hl"">행복내곡</strong>마을 송년회를 아시나요? 어린 아이부터 어르신들까지 모든 세대가 어울려... 어우러져 <strong class=""hl"">축제</strong>를 즐기는 모습에 마음한켠이 따뜻해짐을 느낄 수 있었습니다....</dd>"," <dd>▶시민에게 웃음 주는 일자리가 풍부한 <strong class=""hl"">행복</strong>청주 조성 민선 7기 1년간 일자리사업 분야에서는... 또 기업 판로확대와 실질적인 매출증가를 위해 청원생명<strong class=""hl"">축제</strong> 전시판매관 운영, 사회적 기업 역량강화 아카데미 등 기업...</dd><dd>④양재2․<strong class=""hl"">내곡</strong>권역 4개 권역을 중심으로 공공과 민간이 협업을 통해 주민 중심의 맞춤형 복지서비스를... 위해 「<strong class=""hl"">행복</strong>한 밥상 동행 나눔」사업을 하며 남성 독거 어르신들이 한달에 한번 모여 요리를 배우고 만든 음식을...</dd><dd>유곡2리·매곡면 <strong class=""hl"">내곡</strong>리 ▲오전 10시 271회 영동군의회 임시회, 의회 본회의장 ▲오전 10시 279회 제천시의회 임시회 본회의, 제천시의회 ▲오전 10시30분 괴산군 김장<strong class=""hl"">축제</strong> 보고회, 군수 집무실 ▲오전 10시30분...</dd>"
52,양재마을축제," <dd class=""sh_blog_passage"">2019년 서초단오마당 <strong class=""hl"">마을축제</strong> 즐거웠던 단오 주말<strong class=""hl"">축제</strong> 현장으로 가볼까요?^^ 올해로 4회째를 맞는 단오마당 입니다~ 4년차의 노하우로 그간 회의하고 체크하며 드디어...</dd><dd class=""sh_blog_passage"">2018 <strong class=""hl"">양재마을 축제</strong>현장 마을축제 음향렌탈 전문 창작마을 함께했습니다 현장으로 ㄱ ㄱ 음향장비 설치는 깔끔하게 오늘의 포인트 오케스트라 공연 준비!! 양재1동...</dd>"," <dd><strong class=""hl"">축제</strong>=경남 창원시 창원단감테마공원 ▷생활예술인 페어=서울 중구 동대문디자인플라자2관 ▷<strong class=""hl"">양재</strong>플라... 은행<strong class=""hl"">마을</strong> 단풍<strong class=""hl"">축제</strong>=충남 보령시 청라은행<strong class=""hl"">마을</strong>(28일까지) ▷기흥 할로윈 놀이터=경기 용인시...</dd><dd>지역 <strong class=""hl"">축제</strong>이다. 이 외의 지역은 ""전라/경상/충청남북 및 강원/제주"" 편에서 확인할 수 있다. ■ <strong class=""hl"">양재</strong>플라... 겨울<strong class=""hl"">마을</strong>인 원마운트 스노우파크를 배경으로 환상적인 마술공연인 '찰리 매직쇼'가 진행되며, 해당 기간...</dd><dd>거리에서 <strong class=""hl"">마을축제</strong> '시월의 선유'를 개최한다. 프리마켓, 노프라이스마켓, <strong class=""hl"">마을</strong>방송, 체험, 공연 등이... 서울시 동부공원녹지사업소는 오는 19일 오전 11시부터 오후 4시까지 '제4회 <strong class=""hl"">양재</strong> 시민의숲 가을<strong class=""hl"">축제</strong>'를 개최한다....</dd><dd>대추<strong class=""hl"">축제</strong> 기간 중에 도시민을 대상으로 운영하는 예비 귀농·귀촌인 학교에 도시민의 참여를 유도하기로 했다. 또한 2017년에 조성한 '속리산 숲체험 휴양<strong class=""hl"">마을</strong>'이 아름드리 소나무 숲속 대자연에서 심신수양과 건강을...</dd>"
53,서초마을교육문화축제," <dd class=""sh_blog_passage"">'2019 <strong class=""hl"">서초마을</strong> <strong class=""hl"">문화</strong>예술 공동체 <strong class=""hl"">축제</strong>'로 '마음모아 <strong class=""hl"">마을</strong>에서 놀자'라는 취지로 열린 행사였습니다. 이날 초가을의 따사로운 햇살과 시원한 바람이 불던 아주 이쁜...</dd><dd class=""sh_blog_passage"">[시정일보] <strong class=""hl"">서초</strong>구(구청장 조은희)는 ‘마음모아 <strong class=""hl"">마을</strong>에서 놀자‘라는 슬로건으로 2019 <strong class=""hl"">서초마을</strong> <strong class=""hl"">문화</strong>예술 공동체 <strong class=""hl"">축제</strong>를 오는 12일 10시부터 16시까지 양재근린공원에서...</dd>"," <dd>너리굴<strong class=""hl"">문화</strong><strong class=""hl"">마을</strong> 현장체험학습 용역 계약). ▲ 낙찰업체 : (주) 천일관광, 계약금액 : 440,000(원), 계약명 : 2019 충남 중고등학생 미술<strong class=""hl"">축제</strong> 전세 버스 임차. 계약기관 : 충청남도<strong class=""hl"">교육</strong>청 충청남도천안<strong class=""hl"">교육</strong>지원청...</dd><dd>이에 <strong class=""hl"">서초</strong>구는 영양군의 홍보대사로서 군의 대표<strong class=""hl"">축제</strong>와 장계향<strong class=""hl"">문화</strong>체험<strong class=""hl"">교육</strong>원, 영양국제밤하늘보호공원, 주실<strong class=""hl"">마을</strong>과 조지훈 문학관 등 관광명소를 수도권 사람들에게 널리 홍보해 나가기로 했다. 이달희 경북도...</dd><dd>선사<strong class=""hl"">문화</strong>를 <strong class=""hl"">교육</strong>, 놀이, 체험 등을 통해 배우고 즐기는 <strong class=""hl"">축제</strong>다. 세계의 선사<strong class=""hl"">문화</strong>를 체험을 통해 즐겁게 배워보는 세계구석기체험<strong class=""hl"">마을</strong>, 구석기인들의 삶을 1박 2일로 체험해보는 구석기힐링캠프, 구석기시대를...</dd><dd>이에 <strong class=""hl"">서초</strong>구는 영양군의 홍보대사로서 군의 대표<strong class=""hl"">축제</strong>와 장계향<strong class=""hl"">문화</strong>체험<strong class=""hl"">교육</strong>원, 영양국제밤하늘보호공원, 주실<strong class=""hl"">마을</strong>과 조지훈 문학관 등 관광명소를 수도권 사람들에게 널리 홍보해 나가기로 했다. 이달희 경북도...</dd><dd>이에 <strong class=""hl"">서초</strong>구는 영양군의 홍보대사로서 군의 대표<strong class=""hl"">축제</strong>와 장계향<strong class=""hl"">문화</strong>체험<strong class=""hl"">교육</strong>원, 영양국제밤하늘보호공원, 주실<strong class=""hl"">마을</strong>과 조지훈 문학관 등 관광명소를 수도권 사람들에게 널리 홍보해 나가기로 했다. 이달희 경북도...</dd><dd>이에 <strong class=""hl"">서초</strong>구는 영양군의 홍보대사로서 군의 대표<strong class=""hl"">축제</strong>와 장계향<strong class=""hl"">문화</strong>체험<strong class=""hl"">교육</strong>원, 영양국제밤하늘보호공원, 주실<strong class=""hl"">마을</strong>과 조지훈 문학관 등 관광명소를 수도권 사람들에게 널리 홍보해 나가기로 했다. 이달희 경북도...</dd>"
54,말죽거리축제," <dd class=""sh_blog_passage"">- 서초구 SNS 서포터즈 3기 박연희 - 내고향 말죽거리 말죽거리의 유래 양재역 4번... 다섯번째 <strong class=""hl"">말죽거리 축제</strong>에 대해 아쉽게도 행사기간에 태풍 링링이 와서 축제기간에...</dd><dd class=""sh_blog_passage"">기자는 11일 축제 4일차에 진행된 ‘<strong class=""hl"">말죽거리 축제</strong>’ 현장에 다녀왔다. 말죽거리는 현재 서초구 양재동 양재역 부근을 가리킨다. 이름에 관해서는 몇 가지 유래가...</dd>"," <dd>제 5회 <strong class=""hl"">말죽거리 축제</strong>의 하이라이트를 장식할 이번 퍼레이드에서는 뉴트로[새로움(new)+복고(retro)]라는 주제로 말 6필, 주민, 인근상인, 어린이 100여명이 다양한 테마를 가지고 퍼레이드에 나선다. 특히 영화 말죽거리...</dd><dd><strong class=""hl"">축제</strong>에는 생산자 단체인 안동산약마·생강연합회와 우리음식연구회, 우리음식사랑회, 안동<strong class=""hl"">축제</strong>관광재단 등 40여 기관·단체에서 참여·후원한다. 26일 개막일에는 '안동역에서' 가수 진성과 '<strong class=""hl"">말죽거리</strong> 잔혹사' 배우...</dd>"
55,우솔마을 축제," <dd class=""sh_blog_passage"">*2018.10.27.(토) 10:00 *제8회 서초구청장기 검도대회, 청계산 단풍축제, 제4회 <strong class=""hl"">우솔마을축제</strong>, 탁구 *서초종합체육관, 청계산 근린광장, 서울우솔초등학교 한국탁구클럽...</dd><dd class=""sh_blog_passage"">새로운 터전에서 하나 되다 '<strong class=""hl"">우솔마을축제</strong>' &lt;앵커멘트&gt; 지난 2012년 12월 1단지... "" 청명한 가을 날씨는 덤으로 챙긴 마을축제. 입주 5년을 넘어선 공공주택지구에 마을...</dd>"," <dd>▲ 낙찰업체 : <strong class=""hl"">우솔</strong> 건축사사무소, 계약금액 : 9,000,000(원), 계약명 : 하늘빛초외 1교(김포호수초)... ▲ 낙찰업체 : (주)대호관광, 계약금액 : 275,000(원), 계약명 : 충남 미술<strong class=""hl"">축제</strong> 참가 버스 임차. 계약기관...</dd><dd>매일 밤 <strong class=""hl"">마을</strong>에서 <strong class=""hl"">축제</strong>가 벌어지던 어느 날 도깨비나라에서 스타 발굴 서바이벌 오디션 '슈퍼스타U'가... 무대에는 <strong class=""hl"">우솔</strong>, 별하, 바우, 초롱, 마루 등 5명의 도깨비와 앙상블 8명, 연주단 10명이 오른다. 한편 국악연주단...</dd><dd>그래서 매일 밤 우시산도깨비 <strong class=""hl"">마을</strong>에는 <strong class=""hl"">축제</strong>가 열린다. 어느 날 도깨비나라에서 스타를 발굴해 내는... '<strong class=""hl"">우솔</strong>', '별하', '바우', '초롱', '마루'라는 이름을 가진 5명의 도깨비와 퍼포먼스, 댄스를 보여주는 앙상블로 8명의...</dd><dd>안창새뜰<strong class=""hl"">마을</strong> 소방도로 개설공사 지장물 석면조사). ▲ 낙찰업체 : 주식회사뉴동명관광, 계약금액 : 165,000(원), 계약명 : 제21회 충남학생연극<strong class=""hl"">축제</strong> 천안지역 발표회 참가 전세버스 임차 계약. 계약기관...</dd><dd>▲ 낙찰업체 : <strong class=""hl"">우솔</strong> 건축사사무소, 계약금액 : 6,037,200(원), 계약명 : 소새울유치원 물탱크실 증축공사... ▲ 낙찰업체 : 주식회사 우리기획, 계약금액 : 14,850,000(원), 계약명 : 2019 DMZ펀치볼 시래기<strong class=""hl"">축제</strong> (주)우리기획...</dd><dd>▲ 낙찰업체 : 한국문헌정보기술 주식회사, 계약금액 : 107,360,000(원), 계약명 : 새<strong class=""hl"">마을</strong>운동 기록물 온... ▲ 낙찰업체 : 주식회사 엔터테인먼트투엠, 계약금액 : 21,900,000(원), 계약명 : DGIST 학생<strong class=""hl"">축제</strong> 무대 및 부대시설...</dd><dd>또, 양재1동 우솔초등학교에서는 우솔지역 발전위원회 주관으로 <strong class=""hl"">우솔마을축제</strong>가 개최돼 단지별 체육대회, 노래자랑, 바자회, 어린이 놀이문화 체험 등 행사가 열릴 예정이다. 서초 보금자리 축제 준비 운영진인 너나울...</dd>"
56,"여의천 문화축제
(前 청계산단풍축제)"," <dd class=""sh_blog_passage"">서초구 <strong class=""hl"">여의천 문화축제 ( 前 청계산단풍축제 )</strong> 10 월 중 ○전통문화 체험행사 ( 부대행사 , 먹거리 장터 등 ) 여의천 일대 도봉구 도봉구 방학천 등축제 10 월 중...</dd><dd class=""sh_blog_passage"">분당선 양재시민의 숲역(매헌역) 5번 출구로 나와 여의교에 오르면 <strong class=""hl"">여의천</strong>을 따라... 벚꽃 <strong class=""hl"">축제)</strong> (0) 2019.04.06 <strong class=""hl"">청계산</strong> 매봉 등산로의 가을<strong class=""hl"">단풍</strong> 풍경을 바라보면서 (0) 2018....</dd>", 
57,악기거리축제," <dd class=""sh_blog_passage""><strong class=""hl"">악기거리 축제</strong>가 서초동에서 있었습니다. 전국 유일의 음악문화지구로 지정된... 공연 외에 거리 곳곳에서는 악기 관련 벼룩시장과 체험행사 등 다양한 볼거리로 축제를...</dd><dd class=""sh_blog_passage"">서초동 축제 소식을 나누고자 합니다. 정오의 음악회 '서초악기거리 스캔들' 이라는... 학생들이 <strong class=""hl"">악기거리 축제</strong>로 총 출동하였습니다! ☀️9월의 햇볕이 뜨겁게 내리쬐던...</dd>"," <dd>타악 <strong class=""hl"">악기</strong> 등 다양한 공연과 냉장고, TV, 제주애월리조트권, 여행상품권, 자전거 등 경품으로 참여자들의... 즐길<strong class=""hl"">거리</strong>를 제공했다. 행사에 참석, 관광객들과 함께한 윤화섭 시장은 “대부해솔길 걷기<strong class=""hl"">축제</strong>는 대부도의...</dd><dd>열리는 <strong class=""hl"">축제</strong>에서는 제주 돔베고기를 비롯해 해물파전, 국수 등 향토음식 먹<strong class=""hl"">거리</strong> 장터를 즐길 수 있다. 수익금은 도내 어려운 이웃을 위해 쓰인다.  시장 곳곳에서는 각설이와 노래, <strong class=""hl"">악기</strong> 등 다양한 공연과 함께 경품...</dd><dd><strong class=""hl"">축제</strong>기간 동안에는 매일 오전 10시부터 오후 8시까지 프린지공연, 프리마켓, 길<strong class=""hl"">거리</strong>음식<strong class=""hl"">축제</strong>, 참가국별... 퍼레이드에서는 해군 취타대가 선두에 서며, 14개국 2000여명이 자국의 전통의상을 입고 춤과 노래, <strong class=""hl"">악기</strong>를...</dd><dd>볼<strong class=""hl"">거리</strong>를 선사할 예정이다. ◇마을에서 혁신을 노출하다 ‘노원 혁신교육 박람회’ 같은 날 오전 10시부터는 청소년 <strong class=""hl"">축제</strong> ‘노출’과 함께 혁신교육 사업의 방향과 성과를 공유하고 주민들에게 혁신교육의 가치를 알릴...</dd><dd><strong class=""hl"">축제</strong>기간 동안에는 매일 오전 10시부터 오후 8시까지 프린지공연, 프리마켓, 길<strong class=""hl"">거리</strong>음식<strong class=""hl"">축제</strong>, 참가국별... 노래, <strong class=""hl"">악기</strong>를 연주하며 행진한다. 용지문화공원 주무대에서 출발해 최윤덕 동상, 창원시청, 성산아트홀을 지나...</dd><dd>ⓒ서초구 서울 서초구(구청장 조은희)는 서리풀페스티벌의 일환으로 오는 26일 대한민국 클래식의 메카이자 국내 유일의 음악문화지구로 지정된 서초 악기거리 일대 및 신중어린이공원에서 <strong class=""hl"">악기거리축제</strong>를 연다고 25일...</dd>"
58,방배비보이페스티벌," <dd class=""sh_blog_passage"">도전의 <strong class=""hl"">방배 비보이 페스티벌</strong> 2019 서리풀페스티벌에서 준비한 비보이 댄스... 비보이, 공방체험, 인터넷중독자가진단 등 축하공연 - 동덕여고 DYS (방배동...</dd><dd class=""sh_blog_passage"">2019 서초구 서리풀페스티벌 ""<strong class=""hl"">방배 비보이 페스티벌</strong>"" 갬블러크루 초청공연!... 2016년, 울산썸머워즈 비보이 페스티벌 우승 여성가족부 장관상 수상 2016년...</dd>"," <dd>22일 오후 서울 서초구 동덕여자고등학교 체육관에서 열린 '제3회 <strong class=""hl"">방배 비보이 페스티벌</strong>'에 참여한 댄스팀이 공연을 펼치고 있다.</dd><dd>매년 강력한 라인업을 선보이는 <strong class=""hl"">방배비보이페스티벌</strong>은 22일 오후 3시 방배 뒷벌어린이공원에서 열린다. 미국 NBC '아메리카 갓 탤런트'에 출전하고 평창 동계올림픽 개막식을 장식한 가장 핫한 비보이 그룹 '저스트절크...</dd>"
59,서초단오마당," <dd class=""sh_blog_passage"">내실있는 <strong class=""hl"">서초단오마당</strong>이 되고자 머리를 맞대고 고민했네요^^* 올해는 양재1동 주민자치위원회의 도움을 받아 단오마당이 잘 진행됐습니다~ 전날 사전작업을 위해 책상...</dd><dd class=""sh_blog_passage"">하는 서초 단오 행사가 열렸습니다. 예년처럼 가배울은 수리취 떡을 맡았어요.... 여유있게 펼쳐진 2019 <strong class=""hl"">서초단오마당</strong> 4년째 내공이 느껴진 편안한 마을 축제였습니다.</dd>"," <dd>[ 서초구가 4대 명절 중 하나인 단오(음력 5월5일, 양력 6월18일)를 앞두고 16일 오전 11시부터 오후 1시까지 양재시민의 숲에서 창포물에 머리감기 등 세시풍속을 체험하는 ‘<strong class=""hl"">서초단오마당</strong>’을 연다. ‘<strong class=""hl"">서초단오마당</strong>’...</dd><dd>■ 전주 <strong class=""hl"">단오</strong> 2019(6.7~6.8, 전라북도 전주시) <strong class=""hl"">단오</strong>(음력 5월 5일)를 맞아 전주에서는 <strong class=""hl"">단오</strong>축제 <strong class=""hl"">마당</strong>이... ■ 프리미엄펫쇼 2019(6.7~6.9, 서울특별시 <strong class=""hl"">서초</strong>구) 올해 행사는 사료, 간식, 의류, 미용 등 반려동물 용품 전시와...</dd><dd>지난해 열린 <strong class=""hl"">서초단오마당</strong> 행사장 전경(사진제공=서초구청) 고무줄등 전통놀이체험 다채 전통 떡 만들기 프로도 마련    [시민일보=이대우 기자]서울 서초구가 4대 명절 중 하나인 단오(음력 5월 5일)를 맞아...</dd><dd>= 서울 서초구(구청장 조은희)는 우리나라 4대 명절 중 하나인 단오를 앞두고 20일 낮 12시 양재시민의 숲에서 주민들이 직접 기획한 '<strong class=""hl"">서초단오마당</strong>'을 연다. 이날 행사에선 창포물에 머리감기, 무병장수를 기원하는...</dd>"
60,201. 도봉산 국제 페스9티벌," <dd class=""sh_blog_passage"">체험행사 <strong class=""hl"">도봉산</strong> 서대문구 신촌댄스경연대회 <strong class=""hl"">9</strong>.28.~<strong class=""hl"">9</strong>.29. 일반부 / 학생부 참가자들의 창작댄스 경연대회 광장 마포구 서울와우북<strong class=""hl"">페스</strong><strong class=""hl"">티벌</strong> <strong class=""hl"">9</strong> 월 중...</dd><dd class=""sh_blog_passage"">03(일) 강원 정선군 민둥산 <strong class=""hl"">9</strong> 제7회 홍천 단호박 축제 2013.10.05(토) ~ 2013.... 06(일) 경기 가평군 아침고요수목원 135 제10회 자라섬<strong class=""hl"">국제</strong>재즈<strong class=""hl"">페스</strong><strong class=""hl"">티벌</strong>...</dd>", 
61,도봉구 우이천 등축제," <dd class=""sh_blog_passage"">매년 윤자매가족은 우이천에서 벚꽃축제, 또 벚꽃축제가 끝나면 열리는 등축제를... 여기는 살기좋은 <strong class=""hl"">도봉구</strong>, <strong class=""hl"">우이천 등축제</strong> 다녀오신 모든 분들 꽃길만 걸으세요♥</dd><dd class=""sh_blog_passage"">2019년 <strong class=""hl"">우이천 등축제</strong> 장소 도착하니 너무나도 이쁜 조명들이 눈이 돌아 갈정도로 멋졌어요. 처음보는 두아이도 너무 좋아하고 신나했다죠. <strong class=""hl"">도봉구</strong> 사람들도 많이...</dd>"," <dd>등에 소망을 적어 <strong class=""hl"">우이천</strong>에 띄우는 '<strong class=""hl"">우이천</strong> 소망등 띄우기'가 진행된다. 이동진 <strong class=""hl"">도봉구</strong>청장은 ""이번 <strong class=""hl"">우이천 등축제</strong>는 제100회 전국체전의 성공적인 개최를 기원하며 다양한 문화프로그램을 연계해서 마련했다""고 말했다.</dd><dd>4월6일~4월12일 개최 등 8작품 37점 전시해 [시민일보=이진원 기자]서울 <strong class=""hl"">도봉구</strong>(구청장 이동진)는 오는... 이동진 구청장은 ""이번 <strong class=""hl"">등축제</strong>로 <strong class=""hl"">우이천</strong> 벚꽃길이 서울의 대표적인 벚꽃 관광 브랜드로 자리 잡을...</dd>"
62,도봉구 방학천 등축제," <dd class=""sh_blog_passage""><strong class=""hl"">도봉구</strong> <strong class=""hl"">등축제</strong> 보러 <strong class=""hl"">방학천</strong> 다녀왔어요~ (ft.둘리♡) 진작 다녀왔으면 좋았을껄 거의 끝날때 다녀왔네요ㅠ 그래도 다녀온거에 만족만족 매년 행사가 진행되고 올해가...</dd><dd class=""sh_blog_passage"">난 여전히 '<strong class=""hl"">방학천 등축제</strong>'로 지칭하곤 하지만 정식 명칭으로는 '<strong class=""hl"">도봉구</strong> <strong class=""hl"">등축제</strong>'인... 앞으로도 박상민, 정수라 <strong class=""hl"">등</strong> 누군가에겐 추억을 불러 일으킬, 다른 누군가에겐...</dd>"," <dd>서울 <strong class=""hl"">도봉구</strong>(구청장 이동진)는 오는 11일~16일 <strong class=""hl"">방학천</strong>에서 ‘제8회 <strong class=""hl"">도봉구</strong> <strong class=""hl"">등축제</strong>’를 개최한다고 8일 밝혔다. 올해는 ‘빛이 머무는 공간’을 주제로 아이들이 좋아하는 인기 동화와 만화 캐릭터, 궁중의 화려한 전통 춤...</dd>"
63,정의공주와 함께하는 도봉한글잔치," <dd class=""sh_blog_passage"">재탄생시키는 ‘<strong class=""hl"">정의공주와 함께하는 도봉한글잔치</strong>’를 개최하고 있다. ▲사진설명- 도봉문화원이 주관하는 ‘정의공주와 함께하는 제8회 도봉한글잔치’가 9일...</dd><dd class=""sh_blog_passage"">▲사진설명- <strong class=""hl"">정의공주와 함께하는 도봉한글잔치</strong>에서 세종대왕과 정의공주가... 주최하는 ‘정의공주와 함께하는 제8회 도봉한글잔치’가 지난 10월 9일 방학동 원당샘...</dd>"," <dd>도봉문화원이 주최한 '<strong class=""hl"">정의공주와 함께 하는 도봉한글잔치</strong>'. 올해로 8회째다. 한글을 창제한 세종대왕 둘째딸인 정의공주는 남편인 양효공 안맹담과 함께 방학동에 잠들어 있다. 도봉구는 매년 한글날 정의공주를...</dd><dd>그동안 도봉문화원에서는 매년 한글날에 한글 창제의 숨은 공로자 정의공주의 가치를 재조명하고, 역사인물 정의공주를 예술로 재탄생시키는 '<strong class=""hl"">정의공주와 함께하는 도봉한글잔치</strong>'를 개최해오고 있다.</dd><dd>그동안 도봉문화원에서는 매년 한글날에 한글 창제의 숨은 공로자 정의공주의 가치를 재조명하고, 역사인물 정의공주를 예술로 재탄생시키는 ‘<strong class=""hl"">정의공주와 함께하는 도봉한글잔치</strong>’를 개최해 오고 있다. 이동진...</dd><dd>소리극으로 <strong class=""hl"">정의공주</strong>를 다시 주제 공연으로 선보이게 됐습니다.) 이번 행사는 <strong class=""hl"">도봉</strong>구 원당샘공원에서 관객이 <strong class=""hl"">함께</strong> 참여<strong class=""hl"">하는</strong> 플래시몹 공연과 <strong class=""hl"">함께</strong> 청소년을 대상으로 <strong class=""hl"">한글</strong>을 주제로 한 <strong class=""hl"">한글잔치</strong> 백일장 대회도 현장에서...</dd><dd>09, 서울특별시 종로구) 일반시민과 전문가 그리고 세계인까지 다<strong class=""hl"">함께</strong> 즐기는 <strong class=""hl"">한글</strong>문화 축제다. [사진=한국관광공사] ■ <strong class=""hl"">도봉한글잔치</strong> 2019(10.09, 서울특별시 <strong class=""hl"">도봉</strong>구) <strong class=""hl"">도봉</strong>의 역사인물 <strong class=""hl"">정의공주</strong>(1415년~1447년)는...</dd><dd>구성된 '제7회 <strong class=""hl"">정의공주와 함께하는 도봉한글잔치</strong>'를 개최한다. 행사가 진행되는 원당샘 공원 일대와 간송옛집, 정의공주 묘 인근에는 구민들이 아름다운 한글로 쓴 소망과 직접 그려 넣은 그림들로 만든 수백 개의...</dd>"
64,한강몽땅 여름축제," <dd class=""sh_blog_passage"">제100회 전국체전 2019 <strong class=""hl"">한강몽땅 여름축제</strong> 에서 해띠, 해온과 함께하는 미니체전... 한강몽땅 어떻게 진행되고 있는지 그것도 함께 구경하고 싶었거든. 이번에 한강이...</dd><dd class=""sh_blog_passage"">'<strong class=""hl"">한강몽땅</strong> <strong class=""hl"">축제</strong>'라고 혹시 들어보셨나요? 올해로 벌써 7년차인 서울 대표... 더운 <strong class=""hl"">여름</strong>에 진행되는 만큼 외부엔 물놀이를 즐길 수 있는 에어바운스도 마련되어...</dd>"," <dd>올 여름 풍성한 프로그램으로 ‘감동과 휴식’이 있는 도심 속 피서지를 꾸몄던 ‘2019 <strong class=""hl"">한강몽땅 여름축제</strong>’가 이번 주 대단원의 막을 내린다. 축제의 피날레와 올 여름 휴가의 끝자락을 이색 퍼포먼스로 장식해 줄...</dd>"
65,한강서래섬꽃축제," <dd class=""sh_blog_passage"">바로 <strong class=""hl"">한강 서래섬</strong> 유채<strong class=""hl"">꽃축제</strong>를 진행중이라고 써있어서.. 일단 알게모르게 노랑... 저번주에는 '이런 <strong class=""hl"">꽃</strong> 같은 날엔' ㅅㅂㅅ 라는 형태로 이렇게 사진을 찍을수 있는...</dd><dd class=""sh_blog_passage"">봄에 피는 <strong class=""hl"">꽃</strong> 중에서 제가 좋아라 하는 <strong class=""hl"">꽃</strong> 이거든요!!ㅋㅋㅋㅋㅋ 제가 노란색 등 어... ㅋㅋㅋㅋ <strong class=""hl"">한강 서래섬</strong> 유채<strong class=""hl"">꽃축제</strong> 가서 꽃을 선명하게 찍어봅니다~ 가까이서 줌을...</dd>"," <dd>찾는다면 ▲구리<strong class=""hl"">한강</strong>시민공원(코스모스<strong class=""hl"">축제</strong>/9월 27~29일) ▲서울 잠원<strong class=""hl"">한강</strong>공원 그라스정원(핑크뮬리... 반포<strong class=""hl"">한강</strong>공원 <strong class=""hl"">서래섬</strong>(흰 메밀꽃 ) ▲서울 올림픽공원 들꽃마루(코스모스 )를 추천한다. 조현용 경희대학교 교수는...</dd><dd>서울에서 가볼 만한 곳 중의 하나인 <strong class=""hl"">서래섬 꽃 축제</strong>는 반려동물과 함께 <strong class=""hl"">한강</strong>에 산책을 오는 시민들도 부담없이 방문해서 좋은 추억을 남기기에 좋다. 한편 메밀<strong class=""hl"">꽃 축제</strong>를 방문하고 인증 사진을 개인 SNS에 업로드하면 여행...</dd><dd>가을 날씨를 보인 6일 오후 서울 서초구 반포<strong class=""hl"">한강</strong>공원 <strong class=""hl"">서래섬</strong>에서 열린 2019 <strong class=""hl"">한강 서래섬</strong> 메밀<strong class=""hl"">꽃축제</strong>를 찾은 시민들이 즐거운 시간을 보내고 있다. 2019.10.6/뉴스1</dd><dd>6일 오전 서울 서초구 반포<strong class=""hl"">한강</strong>공원 <strong class=""hl"">서래섬</strong>에서 '2019 <strong class=""hl"">한강 서래섬</strong> 메밀<strong class=""hl"">꽃 축제</strong>'가 열리고 있다. 2019.10.6</dd><dd>또 <strong class=""hl"">한강</strong>대로를 비롯해 다양한 장소가 불<strong class=""hl"">꽃축제</strong> 명당으로 거론된다. 반포 <strong class=""hl"">한강</strong>공원, N서울타워, 노량진 사육신공원, 노량진 수산시장 주차타워 4층, 선유도공원, 달마공원, 상도근린공원, <strong class=""hl"">서래섬</strong>, 용산도서관 등이다....</dd>"
66,제4회충무로뮤지컬영화제," <dd class=""sh_blog_passage"">୧( “̮ )୨✧ http://chimff.com 충무로뮤지컬영화제 <strong class=""hl"">제4회 충무로뮤지컬영화제</strong>(CHIMFF 2019) 2019.7.10(수)-2019.7.13(토) chimff.com 우선 충무로뮤지컬영화제 자원활동가를...</dd><dd class=""sh_blog_passage"">개인적으로는 &lt;라라랜드&gt;가 상영했던 제2회 충무로뮤지컬영화제에 관람 계획을 세웠다가 일정상 포기한 적이 있었는데, 이번 <strong class=""hl"">제4회 충무로뮤지컬영화제</strong>에서도...</dd>"," <dd>'<strong class=""hl"">제4회 충무로뮤지컬영화제</strong>' 공식 기록 영상 캡처 '<strong class=""hl"">제4회 충무로뮤지컬영화제</strong>'가 제4회 영화제의 공식 기록 영상을 공개했다. 이번 공식 기록 영상은 7월 10일 충무아트센터 대극장에서 펼쳐진 개막식부터 13일 폐막식에...</dd><dd>이장호 서울영상위원회 위원장(오른쪽), 윤진호 충무아트센터 사장이 10일 오후 서울 충무아트센터 대극장에서 열린 <strong class=""hl"">제4회 충무로뮤지컬영화제</strong>개막식에서 개막을 선언하고 있다. 이장호 서울영상위원회 위원장...</dd><dd>중구(구청장 서양호)는 오는 10일(수)부터 13일(토)까지 충무아트센터에서 (재)중구문화재단 주관으로 <strong class=""hl"">제4회 충무로뮤지컬영화제</strong>가 열린다고 밝혔다. 중구(구청장 서양호)는 오는 10일(수)부터 13일(토)까지...</dd>"
67,서대문독립민주축제," <dd class=""sh_blog_passage"">광복절 행사 서대문형무소 역사관 독립민주축제(무료관람, 야간개장) 웃음의여왕... <strong class=""hl"">서대문 독립민주축제</strong> 정보 ▼▽▼ 출처 : <strong class=""hl"">서대문 독립민주축제</strong> 홈페이지 참...</dd><dd class=""sh_blog_passage"">:) 잊지 마세요 ㅎㅎ <strong class=""hl"">서대문독립민주축제</strong>는 우리나라의 독립을 기뻐하고 자유와 평화, 민주가치를 미래세대와 함께 나누는 시민역사 문화 축제입니다. 2010년부터...</dd>"," <dd><strong class=""hl"">서대문 독립 민주 축제</strong>는 시민들과 광복의 기쁨을 함께 나누고 자유와 평화의 정신을 공유하기 위한 시민 역사축제인데요. 올해는 축제 개최 10주년을 맞아 독립민주지사의 사진과 업적을 담은 '풋프린팅 기념집'을...</dd><dd>서울 <strong class=""hl"">서대문</strong>형무소역사관의 <strong class=""hl"">독립민주축제</strong>, 서울·부산·대구·인천 등 각지의 타종행사, 대구 동성로 일대 태극기 플래시몹 등이 대표적이다. 행안부는 이번 행사의 성공적 개최를 위해 현장에 응급 의료진, 소방차...</dd>"
68,"신촌크리스마스
거리축제"," <dd class=""sh_blog_passage""><strong class=""hl"">신촌</strong>에 <strong class=""hl"">크리스마스</strong> <strong class=""hl"">축제</strong><strong class=""hl"">거리</strong>가 있다고 해서 냉큼 넘어왔는데요. 생각보다는 밍밍했어요. 낮에 다녀와서 그런가봐요. 제가 저녁에 나올 땐 분위기가 후끈후끈...</dd><dd class=""sh_blog_passage"">2018 <strong class=""hl"">신촌 크리스마스 거리축제</strong>는 12월 22일부터 25일까지 했는데요 신촌 연세로에서 열렸는데 규모가 꽤 컸어요! 눈꽃 거리 극장이라고 행사기간 동안 매일 오후에...</dd>"," <dd>다양한 국내외 수제 맥주를 음악 공연과 함께 즐길 수 있는 ‘제5회 <strong class=""hl"">신촌</strong>맥주<strong class=""hl"">축제</strong>’가 사흘간의 일정으로... 진행되는 <strong class=""hl"">크리스마스거리축제</strong> 등 누구나 즐길 수 있는 다양한 행사로 시민들에게 즐거움을 선사할 것”이라고...</dd><dd>긴 휴가기간도 없어 멀리 다녀오기도 힘들고, <strong class=""hl"">크리스마스</strong>를 제외하면 공휴일도 없기 때문에 여러모로 멀리... 보거나, <strong class=""hl"">신촌</strong> 로터리 <strong class=""hl"">거리</strong>에서 쇼핑을 하는 등의 선택지가 있다. 이외에도 서강대쪽에서는 연극공연이 많이...</dd><dd>겨울에는 <strong class=""hl"">크리스마스 거리축제</strong>를 연다. 이같이 크고 작은 민간행사들이 연간 600건 이상 열리고 있다. 민간 주도 행사 개최를 통해 지역이 장기적으로 발전할 수 있는 문화적 성장 동력을 키워나가는 식으로 <strong class=""hl"">신촌</strong> 상권을...</dd><dd>겨울에는 <strong class=""hl"">크리스마스 거리축제</strong>가 열린다. 하드웨어도 지속적으로 보강한다. 문화발전소라고 바람산 쪽에 지하에서 연극과 공연이 가능한 공간을 만들고 문화인들이 모여 기획을 할 수도 있다. <strong class=""hl"">신촌</strong>에 사용하지 않는...</dd><dd>서대문구는 오는 22일부터 성탄절인 25일까지, 나흘간 '<strong class=""hl"">신촌 크리스마스 거리축제</strong>'를 개최한다고 밝혔습니다. 징글벨콘서트, 눈꽃거리극장, 루돌프놀이터, 산타마켓 등 연세로를 찾은 시민들이 선물 같은 하루를 보낼 수...</dd>"
69,제7회 신촌물총축제," <dd class=""sh_blog_passage"">2019 <strong class=""hl"">제7회 신촌 물총축제</strong> 개최! 물총축제 시간, 꿀팁 안내! 뜨거운 여름, 신촌 연세로 차 없는 거리에서 '더위를 날려라' 더위에 지친 요즘, 놓치면 후회할 축제가...</dd><dd class=""sh_blog_passage"">출처 - 신촌물총축제 나는 물 축제로 유명한 태국의 송끄란축제 … 가 아니라... 있는 축제이다. 올해 개최된 <strong class=""hl"">제7회 신촌 물총 축제</strong>에는 10만 명의 사람들이 모였다고...</dd>"," <dd>지난 3일 신촌 물총축제 주최 측은 공식 페이스북 페이지를 통해 내일(6일)부터 7일까지 이틀간 신촌 연세로 일대에서 '<strong class=""hl"">제7회 신촌 물총축제</strong>'를 개최한다고 밝혔다.지난 2013년부터 여름마다 개최된 신촌 물총축제는 매년...</dd><dd>지난 6일 서대문구 신촌 연세로에서 열린 <strong class=""hl"">제7회 신촌 물총축제</strong>에서 시민들이 물총을 쏘고 있다. 이번 행사는 7일까지 계속된다. 2019.7.7 [서대문구청 제공. 재판매 및 DB 금지]</dd>"
70,안산 벚꽃음악회," <dd class=""sh_blog_passage"">저는 오늘 새벽 3시에 일어나서 어제 우리집 베란다에서 보이는 <strong class=""hl"">안산</strong> 자락길 연희숲속쉼터에서 관람한 <strong class=""hl"">벚꽃음악회</strong> 동영상을 다시 감상했지요. 해마다 <strong class=""hl"">벚꽃</strong>이 한창일 때...</dd><dd class=""sh_blog_passage"">서울 서대문 안산자락길 벚꽃음악회 방문 후기 19.04.07(일) 저녁 7시 참석 가수... 바람 <strong class=""hl"">안산 벚꽃음악회</strong> 공연 동영상 허니지 : 노을 청혼 공연 / <strong class=""hl"">안산벚꽃음악회</strong> 김연대...</dd>"," <dd>서울 서대문구 <strong class=""hl"">안산</strong>자락길에서 펼쳐지는 '2019 서대문 <strong class=""hl"">안산</strong>자락길 <strong class=""hl"">벚꽃음악회</strong>'는 4월 5일(금)부터 3일간 이어집니다. 서대문 <strong class=""hl"">안산</strong>은 매년 아름다운 선율이 산자락과 홍제천으로 울려 퍼지는 <strong class=""hl"">음악회</strong>가 함께해 매우...</dd>"
71,프랑스 거리음악축제," <dd class=""sh_blog_passage""><strong class=""hl"">프랑스 거리음악축제</strong> 신촌거리에서 신촌 오랜만에 방문 역시나 더위와 상관없이... 프랑스에서 매년 개최되는 대규모 음악축제를 신촌에서 개최하는 행사도 보고 말이지...</dd><dd class=""sh_blog_passage""><strong class=""hl"">프랑스 거리 음악 축제</strong>가 6. 21-23까지 열려 성료했다. 행사기간 시민들의 거리... 서대문구청장은 “<strong class=""hl"">프랑스 거리 음악 축제</strong>가 우리나라와 프랑스 두 나라가 음악을...</dd>"," <dd>이번 <strong class=""hl"">축제</strong>를 위해 특별히 <strong class=""hl"">프랑스</strong> 유명 재즈밴드 ‘플로랑스 다비스(Florence Davis) 퀸텟’도 초청됐다. 이외에도 전국에서 120개 팀이 참여하는 청년버스킹이 진행된다. 이들은 반포대로, 서초<strong class=""hl"">음악</strong>문화지구 악기<strong class=""hl"">거리</strong>...</dd>"
72,신촌맥주축제," <dd class=""sh_blog_passage"">22(일) 3일동안 신촌 차없는 거리에서 진행중인 <strong class=""hl"">신촌 맥주축제</strong> 후기 :) 태풍때문에 주말에 비가 올 거라 했는데 다행히! 아직 비는 오지 않았고 토요일 저녁은 맥주축제를...</dd><dd class=""sh_blog_passage"">2015년에 시작된 <strong class=""hl"">신촌 맥주축제</strong>는 초창기에는 독일의 ‘옥토버페스트’를, 2017년부터는 수제 맥주 축제를 컨셉으로 하여 젊음의 거리 신촌의 특색을 살린 축제로...</dd>"," <dd>나는 한국형 맥주축제의 현주소를 현장확인하기 위해 지난 9월20일 서울 <strong class=""hl"">신촌맥주축제</strong>, 지난 3일 재차 1박2일 일정으로 남해 독일마을 맥주축제(9회)에도 참석했다. 맥주에 대한 일반인의 인식이 조금씩 달라지고...</dd><dd>20일 오후 서울 서대문구 연세로 일대에서 열린 제5회 <strong class=""hl"">신촌맥주축제</strong>를 찾은 시민들이 맥주와 음식을 사들고 축제를 즐기고 있다. 올해 열린 <strong class=""hl"">신촌맥주축제</strong>는 '감성 한 줄, 맥주 한 잔'이라는 컨셉으로 진행되며 20여 개의...</dd>"
73,중국대사관연계행사," <dd class=""sh_blog_passage"">사진은 ANU에서 열린 CSSA 주관 <strong class=""hl"">행사</strong>의 한 장면. <strong class=""hl"">중국대사관</strong> 지원의 자치 단체로... CSSA가 <strong class=""hl"">중국</strong> 공산당 정부와 긴밀하게 <strong class=""hl"">연계</strong>되어 있음은 ABC 방송 시사 프로그램인...</dd><dd class=""sh_blog_passage"">대화’ <strong class=""hl"">행사</strong>에 <strong class=""hl"">연계</strong>하여 개최되었고 2017년 및 2018년도 서울에서의 치바이스 작품전시회에 이어 이루어져더 큰 의미가 있다.” 라고 전했습니다. ▶ Wu Wei Shan <strong class=""hl"">중국</strong>...</dd>"," <dd>이날 <strong class=""hl"">행사</strong>는 지난 8일'<strong class=""hl"">중국</strong>', 16일'덴마크'에 이어 세 번째로 진행한 '초대국가의 날'로, 관람객과 조직위원장인 한범덕 청주시장을 비롯해 주한 헝가리<strong class=""hl"">대사관</strong>의 안드레아 칼만 참사관, 헝가리 예술아카데미 큐레이터 샤러...</dd><dd> 권영길 기자 = 주한 노르웨이<strong class=""hl"">대사관</strong>에서 10월23일 오후 1시30분~8시30분까지 하얏트호텔 부산 볼륨... 2017년 노르웨이에서는 세계에서 EU·<strong class=""hl"">중국</strong>·미국 다음으로 한국은 네 번째 큰 수출시장이었고...</dd><dd>이날 포럼에는 김태균 민화협 사무처장, 나중출 주중한국<strong class=""hl"">대사관</strong> 통일관, 박용희 북경한국인회장, 서원기... 한반도 신경제구상, 북한 경제건설 총력 노선, <strong class=""hl"">중국</strong>의 일대일로, 러시아의 신동방 정책의 <strong class=""hl"">연계</strong>와 이를 통한...</dd><dd>8개국 <strong class=""hl"">대사관</strong>, 6개국 연구개발법인 등 총 22개 기관이 후원하는 명실상부한 세계 수준의 <strong class=""hl"">행사</strong>로 자리잡았다. 기술과 산업의 <strong class=""hl"">연계</strong>를 중시하는 전시회 나노테크는 수만 명에 달하는 관람자의 다양한 관심사를 두루...</dd><dd>항저우에서는 <strong class=""hl"">중국</strong> 최대 애니메이션 전시회인 CICAF와 <strong class=""hl"">연계</strong>해 <strong class=""hl"">중국</strong> 선도 애니메이션 바이어를 대거 유치할 수 있었다. (왼쪽부터) 왕쟈잉 베이징애니메이션·게임산업협회 부비서장, 백용천 주중한국<strong class=""hl"">대사관</strong> 경제공사...</dd><dd>특히, 이번 <strong class=""hl"">중국</strong>인유학생페스티벌 <strong class=""hl"">행사</strong>와 <strong class=""hl"">연계</strong>하여 주한<strong class=""hl"">중국대사관</strong>에서 청주대학교에 <strong class=""hl"">중국</strong> 도서 1만 5,000권을 전달하는 도서 기증식도 열렸다. 기증식에는 이시종 충청북도지사와 추궈홍 주한<strong class=""hl"">중국</strong>대사, 그리고 도서...</dd>"
74,신촌댄스경연대회," <dd class=""sh_blog_passage"">들을 위한 댄스경연대회! 일명 2019<strong class=""hl"">신촌댄스경연대회</strong> 를 소개해드리고자... 접수기한 : 2019.09.20.(금) 24:00 까지 장소 신촌 연세로 일시 1. 동영상 심사 2019.09....</dd><dd class=""sh_blog_passage"">2019 SDC Vol.4 본선 <strong class=""hl"">대회</strong> 안내 1. 행사 개요 ❍ 일반부 : 2019. 10. 5.(토) 16:00 ~ 20:00 ❍ 학생부 : 2019. 10. 6.(일) 13:00 ~ 17:00 ▮ 장 소 : <strong class=""hl"">신촌</strong> 연세로 특설무대(지하철 2호선...</dd>"," <dd>이색 뗏목을 만들어 선보이는 <strong class=""hl"">경연 대회</strong> ‘동강 퓨전뗏목 만들기’. 본 축제가 열리기 전 8월 3일 동강... 더위 시원하게 날려버릴 동강 물총축제도 열려 올해 동강뗏목축제에는 ‘<strong class=""hl"">신촌</strong>물총축제’를 영월군에서 재현하는...</dd><dd>생활체육<strong class=""hl"">경연대회</strong>'를 개최합니다. 어르신 35개 팀이 전통무용과 <strong class=""hl"">댄스</strong>스포츠 등 15개 종목에 참가합니다. 2. 서대문구, 30일 청년 창업 포럼 개최 (이정윤 기자) 서대문구가 오는 30일 '<strong class=""hl"">신촌</strong>, 파랑고래'에서 취미를 발전시켜...</dd><dd>‘원더풀 페스티벌’은 오는 6월과 10월, 12월에도 <strong class=""hl"">신촌</strong> 연세로에서 인디밴드 한일전, <strong class=""hl"">댄스경연대회</strong> 등의 내용으로 펼쳐질 예정이다. 문석진 서대문구청장은 “이번 행사에 참여하는 많은 내외국인들이 서로의 문화에...</dd>"
75,서대문 책으로 책축제," <dd class=""sh_blog_passage""><strong class=""hl"">서대문</strong> 구립 이진아도서관 <strong class=""hl"">책 축제</strong>. (9월 12일~ 13일) 2주만에 책반납하러 들른... 스케쥴 첫번째는 어제 다 못한 <strong class=""hl"">축제</strong> 즐기기. 도서관 앞 놀이터에는 그늘이 있어서 잠시...</dd><dd class=""sh_blog_passage"">계림북스에서 <strong class=""hl"">서대문</strong><strong class=""hl"">책축제</strong>가 있음을 알게 되었고, 또 이 <strong class=""hl"">축제</strong>에서 멋진 수업을 한다는 소식을 접하고 바로 신청... 집에서는 조금 먼 거리였지만 아이들과 신나게 출발...</dd>"," <dd><strong class=""hl"">책</strong> 벼룩시장, 작은도서관 존, 공유 돗자리 도서관, 추억이 놀이터도 마련된다. 또 <strong class=""hl"">책</strong> 읽어주는 ‘동화버스... ‘구름빵’ 공연을 한다”며 “<strong class=""hl"">책 축제</strong>와 관련된 내용은 <strong class=""hl"">서대문</strong>구립도서관 홈페이지에 안내돼 있다”고 말했다.</dd><dd>서울에선 ‘<strong class=""hl"">서대문책으로</strong>’ 축제, 도봉구 <strong class=""hl"">책축제</strong> 등 1530건의 행사가 열리고, 부산에서는 희망나눔 북캠프 등 580건, 대전에선 책문화 어울마당 등 86건, 인천은 달빛 <strong class=""hl"">책축제</strong> 등 405건, 광주는 북페스티벌 등 207건...</dd><dd>계약기관 : 서울특별시<strong class=""hl"">서대문</strong>구도시관리공단, 계약일자 : 2019-10-07, 계약방법 : 수의계약, 발주처... ▲ 낙찰업체 : 주식회사 뉴평화관광여행사, 계약금액 : 275,000(원), 계약명 : 4,5학년 현장체험학습(<strong class=""hl"">책축제</strong>) 차량...</dd><dd>강서구, 독서의 달 맞아 9월 한 달간 '<strong class=""hl"">책축제</strong>' (김대우 기자) 강서구가 독서의 달을 맞아 9월 한 달 동안 지역 내 8개 도서관과 함께 책과 관련된 다양한 축제를 엽니다. (문의: 02-2600-6986) 3. <strong class=""hl"">서대문</strong>구, 윤동주 추모...</dd><dd>시상식은 세 부문(독서동아리 부문, <strong class=""hl"">책 축제</strong> 부문, 한 도서관 한 <strong class=""hl"">책</strong> 읽기 부문)으로 나뉘어... 장영미(<strong class=""hl"">서대문</strong>구립이진아기념도서관), 정희영(면북초등학교), 김지우, 성소현(동국대학교), 임채현...</dd><dd>[일요신문] 서울시 대표 <strong class=""hl"">책축제</strong>「제8회 서울 북 페스티벌, 도서관아! 놀자」가 10월 23일부터 25일까지 3일간... <strong class=""hl"">서대문</strong>자연사박물관과 협력하여 공룡을 중심으로 휴먼북, 토크쇼 ‘그 많던 공룡은 어디로 갔을까?’ 등...</dd><dd>마포공동체라디오는 주파수 FM 100.7㎒로 서울 마포구와 <strong class=""hl"">서대문</strong> 일부를 방송권역으로 하는 공동체라디오... 소통과 의제발굴을 위한 타운미팅, 마을공동체문화를 위한 마을합창페스티벌, 마포동네 <strong class=""hl"">책축제</strong>를 비롯해...</dd><dd>가정으로 <strong class=""hl"">책</strong> 배달 서비스까지 다양한 프로그램을 마련했다. 22일 각 구청에 따르면 <strong class=""hl"">서대문</strong>구는 오는 24... 강서마을 <strong class=""hl"">책축제</strong>’를 지난 3일부터 오는 28일까지 진행한다. 또 영등포구는 내달 7∼8일 이틀간 구청 앞마당과...</dd><dd>【베이비뉴스 안은선 기자】 서울시 대표 <strong class=""hl"">책축제</strong> 제8회 서울 북 페스티벌, 도서관아! 놀자가 오는 23일부터... <strong class=""hl"">서대문</strong>자연사박물관과 협력해 공룡을 중심으로 휴먼북, 토크쇼 ‘그 많던 공룡은 어디로 갔을까?’ 등 다양한...</dd>"
76,제7회 도심 속 바다축제," <dd class=""sh_blog_passage"">12일과 13일 양일간 노량진수산시장 일대에서 ‘<strong class=""hl"">제7회 도심 속 바다축제</strong>’를 개최했다. 도심 속 바다축제는 매회 35여만명의 방문객이 찾는 서울의 대표축제이다. 국내...</dd><dd class=""sh_blog_passage"">매년 노량진수산시장에서 열리는 도심속바다축제가 올해로 7번째를... https://www.dof.or.kr/blank-16 참여 프로그램 | <strong class=""hl"">제7회 도심속바다축제</strong> 참여 프로그램 노량진...</dd>"," <dd>몽고식품(대표 황을경)은 ""동작구에서 오는 12일~13일 동안 개최된 노량진 수산시장의 '<strong class=""hl"">제 7회 도심 속 바다축제</strong>'에 몽고간장 선물세트를 공식 후원했다""라고 밝혔다. 2011년부터 개최되고 있는 '<strong class=""hl"">도심 속 바다축제</strong>'는 '서울...</dd><dd>수협노량진수산(주)(대표이사 안재문)가 노량진 수산시장에서 개최한 ‘<strong class=""hl"">제7회 도심 속 바다축제</strong>’에 35만명여명의 인파가 몰려 성황을 이뤘다. ‘<strong class=""hl"">제7회 도심 속 바다축제</strong>’는 ‘<strong class=""hl"">바다</strong>, 다시 태어나다’라는...</dd><dd>수협노량진수산주식회사(대표이사 안재문)는 지난 12~13일 서울 동작구 노량진수산시장에서 열린 '<strong class=""hl"">제7회 도심 속 바다축제</strong>'에 약 35만 명의 인파가 참여한 가운데 성공적으로 행사를 마쳤다고 16일 밝혔다. 구시장 상인들의...</dd><dd>12일 동작구 노량진 수산시장에서 열린 <strong class=""hl"">제7회 도심 속 바다축제</strong>를 찾은 시민들이 야외에 마련된 먹거리 장터에서 신선한 해산물 요리를 즐기고 있다. (동작구청 제공) 2019.10.15/뉴스1</dd><dd>고려직업전문학교(이하 고려전) 호텔조리전공 학생들이 지난 10월 12일 토요일 노량진 수산시장에서 열린 ‘<strong class=""hl"">제 7회 도심속 바다축제</strong>, 수산시장을 부탁해’의 전국 수산물 요리경연대회에서 유승우, 김지훈 학생이...</dd><dd>13일 서울 동작구 노량진 수산시장에서 열린 <strong class=""hl"">제7회 도심속바다축제</strong>에서 시민들이 야외식당에서 신선한 해산물 요리를 즐기고 있다. 2019.10.13</dd>"
77,"제2회 노량진의 밤 
야간난전"," <dd class=""sh_blog_passage""><strong class=""hl"">제2회 노량진의 밤</strong>, <strong class=""hl"">야간난전</strong> 행사기간 : 2019.06.21(금) ~23(일) 18:00~22:00 - 3일간 장소 : 컵밥거리~ 만양로 일대 주최 : 야간난전 주민협의체 후원 : 서울특별시, SUAVISS, TRAVEL...</dd><dd class=""sh_blog_passage"">오늘은 <strong class=""hl"">노량진</strong> <strong class=""hl"">야간난전</strong> 소식을 전해드리려합니다. 거의 보름이 지났을 정도로 시간이 꽤 흘렀네요. 지난 6월 달에 있었던 일입니다. 지나가는 길에 시끄러운...</dd>"," <dd>［메디컬투데이 이한솔 기자］ 동작구가 오는 21일부터 23일까지 3일간 노량진 컵밥거리와 만양로 일대에서 ‘<strong class=""hl"">제2회 노량진의 밤</strong>, <strong class=""hl"">야간난전</strong>’을 개최한다고 13일 밝혔다. 올해로 2회째를 맞는 ‘노량진의 밤, 야간난전’은...</dd><dd>서울 동작구(구청장 이창우)는 21일부터 23일까지 노량진 컵밥거리와 만양로 일대에서 '<strong class=""hl"">제2회 노량진의 밤</strong>, <strong class=""hl"">야간난전</strong>'을 개최한다고 13일 밝혔다. 올해로 2회째를 맞는 '노량진의 밤, 야간난전'은 노량진 컵밥거리와 주변...</dd><dd>동작구가 21일부터 23일까지 3일간 노량진 컵밥거리와 만양로 일대에서 '<strong class=""hl"">제2회 노량진의 밤</strong>, <strong class=""hl"">야간난전</strong>'을 개최한다. 지난해 행사장 모습. 사진=동작구 제공  동작구(구청장 이창우)가 21일부터 23일까지 3일간 노량진...</dd><dd>▲사진= <strong class=""hl"">제2회 노량진의 밤</strong>. <strong class=""hl"">야간난전</strong> 포스터 동작구가 오는 21일부터 23일까지 3일간 노량진 컵밥거리와 만양로 일대에서 ‘<strong class=""hl"">제2회 노량진의 밤</strong>, <strong class=""hl"">야간난전</strong>’을 개최한다고 밝혔다. 올해로 2회째를 맞는 ‘노량진의 밤...</dd><dd>업코리아, UPKOREA ▲ <strong class=""hl"">제2회 노량진의 밤</strong>. <strong class=""hl"">야간난전</strong> 포스터 [업코리아] 동작구가 오는 21일부터 23일까지 3일간 노량진 컵밥거리와 만양로 일대에서 '<strong class=""hl"">제2회 노량진의 밤</strong>, <strong class=""hl"">야간난전</strong>'을 개최한다고 밝혔다. 올해로 2회째를 맞는...</dd><dd>동작구(구청장 이창우)가 오는 21일(금)부터 23일(일)까지 3일간 노량진 컵밥거리와 만양로 일대에서 ‘<strong class=""hl"">제2회 노량진의 밤</strong>, <strong class=""hl"">야간난전</strong>’을 개최한다고 밝혔다. 올해로 2회째를 맞는 ‘노량진의 밤, 야간난전’은 노량진...</dd><dd>출처 : 동작구, <strong class=""hl"">제2회 노량진의 밤</strong>. <strong class=""hl"">야간난전</strong> 동작구가 오는 21일부터 23일까지 3일간 노량진 컵밥거리와 만양로 일대에서 '<strong class=""hl"">제2회 노량진의 밤</strong>, <strong class=""hl"">야간난전</strong>'을 개최한다고 밝혔다. 올해로 2회째를 맞는 '노량진의 밤, 야간난전...</dd>"
78,금천하모니벚꽃축제2019," <dd class=""sh_blog_passage"">지하철역 가는 길 보이는 <strong class=""hl"">벚꽃</strong>은 <strong class=""hl"">금천 하모니 벚꽃축제</strong>를 가려는 길이 너무도 길게 느껴질 만큼 예쁘게 늘어선 길이에요. 친구가 늦는 바람에 시간도 많이 남겠다 결국...</dd><dd class=""sh_blog_passage"">주최하고, ‘금천하모니벚꽃축제거버넌스’가 주관하는 ‘제15회 <strong class=""hl"">금천하모니벚꽃축제 2019</strong>’가 4월 5일~6일까지 금천구청과 안양천 일대에서 개최된다. 이번 축제는...</dd>"," <dd>4월 5일부터 6일까지 <strong class=""hl"">금천</strong>구청, 안양천변 일대에서 개최되는 '<strong class=""hl"">금천하모니벚꽃축제2019</strong>' 개막식 주제공연 이미지  <strong class=""hl"">금천</strong>구(구청장 유성훈)와 <strong class=""hl"">금천</strong>문화재단(대표이사 정재왈) 공동으로 주최하고...</dd>"
79,"정조대왕 능행차 
공동재현 행사"," <dd class=""sh_blog_passage"">올해로 4회째를 맞는 <strong class=""hl"">정조대왕 능행차 공동재현 행사</strong>는 즉위 10년 해인 1795년... 시민참여가 함께해 더 뜻깊었던 2019 정조대왕 능행차 공동재현. 2020년 행사 때는...</dd><dd class=""sh_blog_passage"">왕의 <strong class=""hl"">행차</strong>에 많은 인력과 경비가 들었지만 백성들의 억울함을 들어주는 격쟁을... 올해 4회를 맞는 <strong class=""hl"">정조대왕 능행차</strong> <strong class=""hl"">재현행사</strong>는 서울, 수원, 화성이 <strong class=""hl"">공동 재현</strong>하며...</dd>"," <dd><strong class=""hl"">정조대왕 능행차 공동재현 행사</strong> 당일 서울과 수원, 화성시내 일부 구간에 대한 교통통제로 교통혼잡이 예상된다. 시는 통제구간 주변에 교통통제와 우회안내 입간판, 현수막 설치, 교통경찰, 모범운전자 등을 배치해...</dd>"
80,제9회 금천구 북페스티벌," <dd class=""sh_blog_passage"">광장에서 ‘<strong class=""hl"">제9회 금천구</strong> 도서관 <strong class=""hl"">북페스티벌</strong>(Book Festival)’을 개최합니다. ‘<strong class=""hl"">금천구</strong> 도서관 <strong class=""hl"">북페스티벌</strong>’은 도서관 이용을 활성화하고 도서관의 역할과 필요성을...</dd><dd class=""sh_blog_passage""><strong class=""hl"">제9회 금천구</strong>립도서관 <strong class=""hl"">북페스티벌</strong> 기억해야 할 독립운동가 6월 1일(토) <strong class=""hl"">금천구</strong>청 앞 광장에서 '<strong class=""hl"">제9회 금천구</strong>립도서관 <strong class=""hl"">북페스티벌</strong>'이 열렸습니다. 말 그대로 광장에...</dd>"," <dd>재단법인 금천문화재단이 다음달 1일 오전 10시 <strong class=""hl"">금천구</strong>청 광장에서 '<strong class=""hl"">제9회 금천구</strong> 도서관 <strong class=""hl"">북페스티벌</strong>'을 개최한다. 사진=<strong class=""hl"">금천구</strong> 제공  재단법인 금천문화재단(대표이사 정재왈)이 다음달 1일 오전 10시 <strong class=""hl"">금천구</strong>청...</dd>"
81,제10회 동화 속 책잔치," <dd class=""sh_blog_passage"">^^ 벌써 파주 <strong class=""hl"">책잔치</strong>가 올해로 열번째 큰 <strong class=""hl"">잔치</strong>가 되었더라구요. ㅎㅎㅎ 이렇게... 바로 그 강아지똥을 쓴 권정생 선생님의 <strong class=""hl"">동화</strong>나라 책이 반값에 팔길래 시은이 보여주고...</dd><dd class=""sh_blog_passage"">도봉한글<strong class=""hl"">잔치</strong> 10.8~10.9 (2 일간 ) ○ 백일장 , 미술대회 , 창작뮤지컬 공연 등 ○ 부대행사 : 체험 , 전시 방학동 원당샘공원 시자체 동물원 <strong class=""hl"">속</strong> 미술관 10.9.~10.20. (12 일간...</dd>"," <dd>■ 파주출판도시 어린이 <strong class=""hl"">책잔치</strong> 2016 경기도 파주시 / 2016.05.05 ~ 2016.05.08 국내 최대 규모의 어린이 도서잔치로서 어린이 백일장, 창작 그림책 공모전, 그림<strong class=""hl"">동화</strong> 공모전 등 다채로운 프로그램을 진행하고 있다....</dd><dd>글짓기에 관한 어린이들의 관심을 높이는 ‘어린이 백일장’, 한쪽 그림<strong class=""hl"">동화</strong> 공모전, 과학기술도서 독후감... 특히 이번 <strong class=""hl"">제10회</strong> 어린이 <strong class=""hl"">책 잔치</strong>는 처음으로 야간 행사를 진행한다. ‘5월의 핼러윈’이라는 이름으로...</dd><dd><strong class=""hl"">동화 속</strong> 주인공을 인형으로 만나보는 문화행사가 마련된다. 부산 민주공원은 5~11일 한 주 동안 공원 일대에서 김향이 <strong class=""hl"">동화</strong>작가 인형 전시회와 함께 <strong class=""hl"">제10회</strong> 어린이 <strong class=""hl"">책잔치</strong>를 연다. 10~11일 이틀 동안 △어울리며 함께하는...</dd>"
82,금천생활문화축제 엄청나," <dd class=""sh_blog_passage""><strong class=""hl"">금천</strong>구 <strong class=""hl"">생활문화축제</strong> &lt;<strong class=""hl"">엄청나</strong>&gt; 전시 ⠀ 2017-2018년도에 이어 세 번째로 열리는 <strong class=""hl"">금천</strong>구 <strong class=""hl"">생활문화축제</strong> &lt;<strong class=""hl"">엄청나</strong>&gt; 전시가 10월 4일(금)부터 8일(화)까지 금나래아트홀...</dd><dd class=""sh_blog_passage"">또한 이들은 11월에 진행될 <strong class=""hl"">생활문화축제</strong> ‘<strong class=""hl"">엄청나</strong>’는 물론, 내년 4월에 진행되는 ‘<strong class=""hl"">금천</strong>하모니벚꽃<strong class=""hl"">축제</strong>’의 주요 참여자로 활동할 기회가 제공됩니다. 마지막으로 올...</dd>"," <dd>이들은 2019년 <strong class=""hl"">금천생활문화축제</strong> '<strong class=""hl"">엄청나</strong>'를 함께 만들어 나갈 예정이다. <strong class=""hl"">금천생활문화축제</strong>는 오는 10월과 11월, 2회에 걸쳐 개최된다. 자세한 사항은 <strong class=""hl"">금천</strong><strong class=""hl"">문화</strong>재단 홈페이지(www.gcfac.or.kr)를 확인하거나...</dd>"
83,사회적경제한마당," <dd class=""sh_blog_passage"">춘천시청 분수광장에서 열린 2019 춘천 <strong class=""hl"">사회적경제 한마당</strong> 축제 춘천에서 열린 2019... 아니라 사회적경제 영역의 제품을 구입하는 것은 우리 삶을 좀 더 지속 가능하게...</dd><dd class=""sh_blog_passage"">요즘은 지역화폐도 많이 사용을 한다고 하는데 구로만의 특색 있는 지역화폐를 만들어 <strong class=""hl"">사회적경제 한마당</strong>에서 사용을 해본다면 사회적경제의 취지와도 잘...</dd>"," <dd>2019년도 연수구 <strong class=""hl"">사회적경제 한마당</strong>  인천 연수구(구청장 고남석)는 '2019 연수구 <strong class=""hl"">사회적경제 한마당</strong>'을 지난 24일 연수구 스퀘어원 임시행사장에서 충남사회적경제와 함께하는 도·농 교류 한마당으로 운영했다고 28일...</dd><dd>활동가, <strong class=""hl"">사회적경제</strong>조직, 지역민 등 전국 도시재생 관계자들이 한자리에 모여 뉴딜 정책의 성과를 공유하고 소통하는 기회가 됐다. 도시재생<strong class=""hl"">한마당</strong> (허석 순천시장,김현미 국토교통부 장관,김영록 도지사) 이번 행사는...</dd>"
84,응봉산개나리축제," <dd class=""sh_blog_passage"">본 응봉산. 이쪽 말고 다른 쪽이 더 노랑노랑했는데 신호 대기 할때 찍느라... 혹시 개나리는 어디서 축제 안하나~하고 찾아봤더니 이렇게 <strong class=""hl"">응봉산 개나리축제</strong>가 떡~하니...</dd><dd class=""sh_blog_passage"">2019 서울 <strong class=""hl"">응봉산 개나리축제</strong> 주차장, 가는길 정보 (3월 26일에 직접 다녀왔어요)... 개나리축제 현장에요.. ㅎㅎㅎ 응봉산은 서울 성동구에 위치한 곳이예요. 대중교통을...</dd>"," <dd><strong class=""hl"">응봉산</strong>은 중랑천이 한강과 합류하는 입지여건으로 인해 한강조망 포인트로서도 유명하며 특히 봄철 <strong class=""hl"">개나리축제</strong>를 통해 많은 시민들이 즐겨 찾는 관광명소다. 한편 정월 대보름에 주민들이 이곳에 올라가 달을 맞이했다는...</dd><dd>성동구(구청장 정원오)는 봄의 전령사 노란색 개나리가 아름답게 핀 응봉산에서 오는 3월 29일부터 31일까지 ‘제22회 <strong class=""hl"">응봉산 개나리 축제</strong>’를 개최한다. 구는 이번 축제 주제를 ‘환경과 미래, 응봉산과 지구를 잇다’로...</dd>"
85,태조이성계축제," <dd class=""sh_blog_passage""><strong class=""hl"">태조 이성계 축제</strong> : 성동구 살곶이다리 다녀온 후기! 안녕하세요~! 오늘은 성동구의... 축제의 주인공 태조 이성계가 등장합니다 뒤에 비서와 보디가드도 동행하는...</dd><dd class=""sh_blog_passage"">지난해 <strong class=""hl"">태조 이성계 축제</strong> 현장 지난해 살곶이 다리에서 열린 ‘2018 태조 이성계... 여는 축제는 구민의 날을 기념하는 성동구민대상 시상식과 이성계가 사냥행차를...</dd>"," <dd>서울 성동구(구청장 정원오)는 28일 구의 대표적인 문화재인 살곶이다리에서 '<strong class=""hl"">태조 이성계 축제</strong>'를 연다고 25일 밝혔다. <strong class=""hl"">태조 이성계 축제</strong>는 보물 제1738호 '살곶이다리'와 이곳에서 사냥을 즐기던 '<strong class=""hl"">이성계</strong>'라는 역사적...</dd>"
86,석촌호수 벚꽃축제," <dd class=""sh_blog_passage""><strong class=""hl"">석촌호수 벚꽃축제</strong> 서울 데이트하기 좋아요. 4월도 어느새 중반으로 달리고... 여의도 벚꽃축제는 첫날 다녀왔고 석촌호수는 마지막 전날에 다녀왔는데요. 잔잔한 호수...</dd><dd class=""sh_blog_passage"">석촌호수 지도 / 제가 돌아본 경로입니다. 지도 저장해서 벚꽃축제 즐기면 더 좋아요 :) 제가 샤롯데씨어터 쪽에서부터 2019 <strong class=""hl"">석촌호수 벚꽃축제</strong>를 즐기기 시작한 건 바로...</dd>"," <dd>송파구 잠실관광특구는 롯데월드·<strong class=""hl"">석촌호수</strong>·방이맛골·올림픽공원을 아우르는 지역으로 매년 <strong class=""hl"">벚꽃축제</strong>, 단풍낙엽<strong class=""hl"">축제</strong>, 한성백제 문화재 행사 등 다양한 페스티벌이 개최된다. 롯데면세점은 관광특구 내 음식점을...</dd><dd><strong class=""hl"">석촌호수</strong>는 해마다 <strong class=""hl"">벚꽃 축제</strong>로 많은 사람들이 찾는 곳이기도 하다. 이번 추석 보름달은 18시 37분에 볼 수 있다. ---------------------------- 추석, 보름달 뜨는 시간은? 서울- 아차산, 남산공원, 하늘공원, 낙산공원, 매봉산...</dd><dd>핑크빛 <strong class=""hl"">벚꽃</strong>이 팡팡 터지기 시작한 '<strong class=""hl"">석촌호수 벚꽃축제</strong>'로 사람들이 몰려들었다.7일 서울 송파구 잠실동 <strong class=""hl"">석촌호수</strong>에서는 <strong class=""hl"">벚꽃</strong>을 보기 위한 수많은 인파가 모였다. 그야말로 발 디딜 틈이 없는 상황이다.마치 놀이공원을...</dd>"
87,한성백제문화제," <dd class=""sh_blog_passage"">2019 <strong class=""hl"">한성백제문화제</strong>에 다녀오다. 송파에 살다보면 일년에 크게 두 번정도 큰 행사가... 정문 입구 주변부는 이미 각종 등불이랑 백제의 모습을 연상할 수 있는 설치대등이...</dd><dd class=""sh_blog_passage"">거리&gt; <strong class=""hl"">한성백제문화제</strong>를 올바로 이해하기 위해 한성시기의 백제를 잘 알아둘... 웅진과 사비시대에 대한 내용은 '제 65회 백제문화제'가 열리는 공주, 부여의 행사를...</dd>"," <dd>업코리아, UPKOREA 2019<strong class=""hl"">한성백제문화제</strong>_역사거리문화행렬  송파구(구청장 박성수)의 '<strong class=""hl"">한성백제문화제</strong>'가 축제의 오스카상으로 불리는 「2019 피나클어워드」에서 8년 연속 수상의 쾌거를 얻었다. 구의 대표 축제인...</dd><dd>송파구(구청장 박성수)의 '<strong class=""hl"">한성백제문화제</strong>'가 축제의 오스카상으로 불리는 「2019 피나클어워드」에서 8년 연속 수상의 쾌거를 얻었다. 구의 대표 축제인 '<strong class=""hl"">한성백제문화제</strong>'는 지난 9월 25일 미국 버지니아주...</dd>"
88,석촌호수 단풍&낙엽축제," <dd class=""sh_blog_passage"">ㅋㅋㅋㅋ 걸어가면서 열심히 메탕을 잡았구요, 틈틈이 주변의 <strong class=""hl"">석촌호수 단풍</strong>을... 약간씩 석촌호수도 단풍들이 더 잘드는 곳이 있는것 같아요! 제가 걸어왔던 곳보다는...</dd><dd class=""sh_blog_passage"">2019 석촌호수 더북 &amp; 단풍축제 포스터입니다 지난주에 갔을 땐 위례가족음악회와... 오늘은 단풍축제 포스터가 붙어있더라구요 작년에 포스팅 했던 <strong class=""hl"">석촌호수 단풍</strong>...</dd>"," <dd>또 지역주민 50팀이 참여해 도서를 판매하는 ‘더북 플리마켓’과 페이스북, 인스타그램 등 자신의 SNS을 통해 <strong class=""hl"">석촌호수</strong> 더북&amp;<strong class=""hl"">단풍</strong>축제를 알리면 무료로 인생사진을 찍어주는 ‘천막사진관’ 등도 주목할 만 하다....</dd>"
89,오금동 성내천축제," <dd class=""sh_blog_passage"">11번째 맞이하는 <strong class=""hl"">오금동 성내천 축제</strong>는 해를 거듭할수록 주민 중심의 다양한 프로그램을 마련하여, 오금동 뿐만 아니라 성내천 인근 주민들 모두가 참여하고 즐기는...</dd><dd class=""sh_blog_passage""><strong class=""hl"">오금동 성내천축제</strong> 포토존대여 시공사례 안녕하세요~ 대한민국 No.1 빛 콘텐츠... 성내천축제 콘텐츠 내 벚꽃포 토존과 물빛다리조 명이 완성되며 방문객들의 반응도...</dd>"," <dd>서울 송파구(구청장 박성수)는 13~14일 성내천 물빛광장 일대에서 '제12회 <strong class=""hl"">오금동 성내천 축제</strong>'를 연다. 12일 구에 따르면 성내천은 송파구 마천동과 거여동, 오금동을 거쳐 한강으로 흐르는 자연생태 하천이다. 산책로와...</dd>"
90,제21회 서울 드럼 페스티벌," <dd class=""sh_blog_passage"">서울드럼페스티벌 서울광장에서 만나요~ <strong class=""hl"">제 21회 서울드럼페스티벌</strong> 2019.05.24(금)~25(토) / 서울광장 http://blog.seoul.go.kr/221543105168 [5월 서울 축제] 2019 서울드럼페스티벌!...</dd><dd class=""sh_blog_passage"">서울드럼페스티벌 공연 서울시가 오는 5월 24일~25일 서울광장에서 ‘<strong class=""hl"">제21회 서울드럼페스티벌</strong>’을 개최하고 축제 주요프로그램인 전국드럼경연대회 ‘더 드러머...</dd>"," <dd>악기 및 음향 전문기업 야마하뮤직코리아(대표 사이토 요이치로)가 ‘<strong class=""hl"">제21회 서울드럼페스티벌</strong>’ 메인 협찬사로 참여한다. 야마하뮤직코리아는 오는 24일부터 이틀간 서울 광장에서 열리는 ‘<strong class=""hl"">제21회 서울드럼페스티벌</strong>’...</dd><dd>세계적인 악기 및 음향 전문기업 야마하뮤직코리아(대표 사이토 요이치로)는 ‘<strong class=""hl"">제21회 서울드럼페스티벌</strong>’ 메인 협찬사로 참여한다고 13일 밝혔다. 서울시 대표축제 ‘<strong class=""hl"">제21회 서울드럼페스티벌</strong>’은 오는 24일부터...</dd><dd>24일 서울시에 따르면 <strong class=""hl"">제21회 서울드럼페스티벌</strong>은 5월24~25일 서울광장에서 열린다. 25일부터 축제의 주요프로그램 전국드럼경연대회 더 드러머 참가자를 모집해 올해 서울드럼페스티벌의 시작을 알릴 예정이다....</dd><dd>각 부문에서 수상한 총 17팀에게는 5월 24일(금) 열리는 &lt;<strong class=""hl"">제21회 서울드럼페스티벌</strong>&gt; 메인무대에서 연주할 수 있는 기회가 주어지며, 국ㆍ내외 유명 드러머들과 함께 소통할 수 있는 '드럼페스티벌 네트워크 파티'에...</dd><dd>수상팀에게는 5월 24일 서울광장에서 열리는 <strong class=""hl"">제21회 서울드럼페스티벌</strong> 메인무대에 설 기회가 주어진다. 참가 신청은 서울드럼페스티벌 홈페이지(www.seouldrum.go.kr)에서 할 수 있다. (서울=연합뉴스)</dd><dd>오는 24, 25일 양일간 서울광장에서 열리는 <strong class=""hl"">제21회 서울드럼페스티벌</strong>(서드페)에 크리스 콜먼이 메인 무대를 장식한다. 서울시가 주최하고 코스모스악기, 야마하뮤직 등이 협찬하는 이번 서울드럼페스티벌에서 크리스...</dd>"
91,2019 서울 문화로 바캉스," <dd class=""sh_blog_passage""><strong class=""hl"">2019</strong> 중국 흑룡강성 (<strong class=""hl"">서울</strong>) <strong class=""hl"">문화</strong>관광 설명회 북방의 아름다운 풍경은 모두 헤이룽장... 스키여행 <strong class=""hl"">바캉스</strong>, 환상적인 설경 등을 비롯해 태양도에서는 세계 최대 규모의...</dd><dd class=""sh_blog_passage"">2019 서울 문화축제 일정 시군구명 축제명 2019 년 개최기간 축제주요내용... 시자체 <strong class=""hl"">2019 서울 문화로 바캉스</strong> 8.10~8.11 (2 일간 ) ○ 영화음악제 ○ 디자인그래픽 경연...</dd>"," <dd>이어 전 출연진이 무대에 나서 ‘부산 <strong class=""hl"">바캉스</strong>’로 공연의 대미를 장식하며 열정을 발산 시켰다. K-POP의... (C) 배종태 기자 '아스트로'는 제 24 회 대한민국 <strong class=""hl"">문화</strong>연예대상에서 K-POP 가수상, 제 26회 <strong class=""hl"">서울</strong>가요대상에서...</dd><dd>페스티벌 '<strong class=""hl"">2019</strong> 조이올팍페스티벌'이 <strong class=""hl"">서울</strong> 올림픽공원 일원에서 펼쳐졌다. 즐거움과 감동을 선사해온... 뜻깊은 <strong class=""hl"">2019</strong> 조이올팍페스티벌을 만드는데 동참하였다. 이 외 꾸준히 콘서트와 페스티벌 등을 통해 <strong class=""hl"">문화</strong> 사업을...</dd><dd>페스티벌 ‘<strong class=""hl"">2019</strong> 조이올팍페스티벌'이 <strong class=""hl"">서울</strong> 올림픽공원 일원에서 펼쳐졌다.즐거움과 감동을 선사해온... 뜻깊은 <strong class=""hl"">2019</strong> 조이올팍페스티벌을 만드는데 동참했다.이 외 꾸준히 콘서트와 페스티벌 등을 통해 <strong class=""hl"">문화</strong> 사업을...</dd><dd>페스티벌 ‘<strong class=""hl"">2019</strong> 조이올팍페스티벌'이 <strong class=""hl"">서울</strong> 올림픽공원 일원에서 펼쳐졌다. 즐거움과 감동을 선사해온... 뜻깊은 <strong class=""hl"">2019</strong> 조이올팍페스티벌을 만드는데 동참하였다. 이 외 꾸준히 콘서트와 페스티벌 등을 통해 <strong class=""hl"">문화</strong> 사업을...</dd>"
92,제6회 서울김장문화제," <dd class=""sh_blog_passage"">2019 <strong class=""hl"">제6회 서울김장문화제</strong> 2019.11.01(금)~03(일) 저는 부모님께서 식당을... 2014년부터 시작되어온 서울김장문화제가 올해로 6회째를 맞이했습니다. 사진은 안내...</dd><dd class=""sh_blog_passage"">2014 <strong class=""hl"">서울김장문화제</strong> http://festival.seoul.go.kr/2014kimchi 광화문광장, <strong class=""hl"">서울</strong>광장, 청계광장, 태평로, 세종로공원 2014-11-14 ~ 2014-11-16 상세정보 지난해 유네스코...</dd>"," <dd>▲ 입찰명 : ""<strong class=""hl"">제6회 서울김장문화제</strong> 대행 용역"", 계약방법 : 제한(총액)협상에의한계약. 공고기관 : 서울특별시, 입찰마감일시 : (2019/07/02 17:00), 발주처(수요기관) : 서울특별시. ▲ 입찰명 : ""서울미래인재 역량...</dd><dd>, 경북 칠곡군 칠곡보 생태공원(칠곡호국평화기념관 일원)) <strong class=""hl"">제6회</strong> 낙동강세계평화 문화 대축전은... , <strong class=""hl"">서울</strong>특별시 성북구 일대) ■ 한양도성<strong class=""hl"">문화제</strong> 2018 (10.13.~10.14., <strong class=""hl"">서울</strong> 중구 한양도성 일원(주 행사장:남산 팔각정...</dd><dd><strong class=""hl"">김장문화제</strong>(<strong class=""hl"">서울</strong>광장)     17:55 <strong class=""hl"">서울</strong>빛초롱축제 개막식(청계광장)    ▲ 서병수 부산시장 14:00 한일지사회 본회의(힐튼호텔)    ▲ 권영진 대구시장 10:00 제38회 경로체육대회(두류야구장)     14:00 <strong class=""hl"">제6회</strong>...</dd><dd>박원순 <strong class=""hl"">서울</strong>시장 14:20 제2회 <strong class=""hl"">서울김장문화제</strong>(<strong class=""hl"">서울</strong>광장ㆍ광화문광장) 18:00 <strong class=""hl"">서울</strong>빛초롱축제 개막식... 14:00 <strong class=""hl"">제6회</strong> 울산광역시 주민자치센터 동아리 경연대회 (대강당) 윤장현 광주시장 11:00 관광의 날 기념식...</dd><dd>◇'전 세계 무술의 진수를 맛본다' <strong class=""hl"">제6회</strong> 충주세계무술축제= 국내외 진기한 무술 세계를 엿볼 수 있는 `제... 이 축제 기간에는 충주의 지역축제인 제31회 우륵<strong class=""hl"">문화제</strong>가 함께 열리며, 10월 말에는 충주사과축제도...</dd><dd>(오전) △기재부, <strong class=""hl"">제6회</strong> 국제금융기구 채용 설명회 개최(오전) △KDI, 중국경제 구조변화 우리 경제에... 2014<strong class=""hl"">서울김장문화제</strong> 개막식(오후 1시30분, <strong class=""hl"">서울</strong>광장) △농식품부, 수출 사료의 영문증명 신청 및 발급 등에 관한...</dd><dd>열리는 <strong class=""hl"">제6회 서울</strong>사진축제는 지난 70년 동안 변화해 온 우리 사회의 모습을 사진으로 돌아보는 자리다. 총... ~12.3 신라<strong class=""hl"">문화제</strong> 2015 올해 43회째를 맞는 장수 지역행사인 신라<strong class=""hl"">문화제</strong>가 지난 10월부터 시작해 12월 3일까지...</dd><dd>11시30분 <strong class=""hl"">서울</strong>롯데호텔) 11일(목) ▲<strong class=""hl"">제6회</strong> 을파소상 시상식(오전 11시 충남도청 대회의실) ▲서구체육회... (토) ▲백제<strong class=""hl"">문화제</strong> 발전방안 워크샵(오전 10시 산림환경연구소) ▲제19회 유성구청장기 볼링대회(오후...</dd>"
