,축제명,축제주요내용
0,서울국제빵과자페스티벌,"['0', '0백운용', '백', '운용', '0기자', '기자', '0대구공업대학교', '대구', '공업', '대학교', '총장', '0이별', '이별', '0호텔외식조리', '호텔', '외식', '조리', '계열', '0창업동아리', '창업', '동아리', '지도', '지도교수', '교수', '저', '19', '19회', '회', '서울', '서울국제빵', '국제', '빵', '과자', '0페스티', '페스티', '0제과부분', '제과', '부분', '0전원', '전원', '0수상', '수상', '029', '029일', '일', '이번', '이번대회', '대회', '대구공업대학교', '조리계열', '14', '14회', '과자페스티벌', '페스티벌', '학생', '학생라이브케이크', '라이브', '케이크', '부문', '장관', '20', '20일', '23', '23일', '열린', '국제빵과자', '은', '1983', '1983년', '년', '2019', '2019년', '30', '30년', '지속', '국내', '국내유일', '유일', '전문', '전시회', '최대', '식', '식음료관련', '음료', '관련', '국내외', '권위', '외식업체', '업체', '참여', '후원', '날씨', '디저트', '차', '잔', '최근', '트렌드', '최고급', '소개', '이', '코', '코엑스', '엑스', '다양', '제품', '19일', '측', '올해', '전문전시회', '기계', '재료', '포장', '등', '산업', '아이템', '2019.11']"
1,아르헨티나페스티발,"['18', '18일', '일', '현지', '현지시간', '시간', '오후', '프랑스', '칸', '팔', '팔레', '레', '페스티발', '저', '72', '72회', '회', '국제', '국제영화제', '영화제', '투', '올드', '투', '다이', '영', '레드', '레드카펫', '카펫', '행사', '진행', '임신', '임신중절합법화', '중절', '합법화', '찬성', '지지자', '르', '티나', '임신중지', '중지', '6', '6천명', '천', '명', '한인', '이', '중남미', '전체', '브라질', '멕시코', '과', '한국', '한국영화', '영화', '상영', '상영회', '회', '계획', '7', '7월', '월', '우리', '유명', '국', '국악단', '악단', '초청', '예정', '9', '9월', '모드', '모드리치', '리치', '25', '25일', '오전', '2', '2시30분', '시', '30', '분', '한국시각', '시각', '영국', '런던', '로얄', '홀', '베스트', '풋볼', '리', '리오넬', '오', '넬', '메시', '주장', '1', '1순위', '순위', '접전', '끝', '이번', '호', '호날', '날', '북쪽', '미션', '포사', '포사다스', '다스', '도시', '음악', '약', '1000', '1000명', '청소년', '지휘', '10', '10월', '칠', '칠레', '0', '오바예', '바', '예', '마스터', '마스터클래스', '클래스', '교수', '2015', '2015년', '년', '준비', '성격', '프', '프레', '2016', '2016년', '년', '회', '연', '충무로', '충무로뮤지컬영화제', '뮤지컬', '접합', '페론', '할리우드', '버전', '애비', '애비타', '타', '라스', '폰', '트리', '감독', '어둠', '속의', '025', '025일', '0영국', '워즈', '2018', '개최', '관심', '앞', '의', '올해', '선수상', '투표', '처음', '표', '화제', '라틴', '푸드', '페스티벌', '가주', '최대', '규모', '히스', '히스패닉', '패', '닉', '토', '엠', '엠바카', '카', '마리나', '파크', '노스', '6회', '나', '나파', '파', '포르투', '스페인', '그', '출신', '여성화', '레오노르', '오노', '1908', '1996', '삶', '노래', '산', '산조', '조', '이', '시', '최', '공연', '재즈', '만남', '을', '통', '동양', '전통', '서양']"
2,한강홀릭,"['한강', '최근', '일상', '일상샷', '샷', '시선', '시선강탈', '강탈', '정', '정준의', '준의', '소개팅', '소개팅녀', '녀', '방송', '핫이슈', '등극', '김', '김유지', '유지', '과', '송', '송유지', '예명', '배우', '활동', '2017', '2017년', '년', '종영', '역', '요정', '김복주', '복주', '로', '데뷔', '멜로', '홀', '홀릭', '릭', '등에', '18', '18일', '일', '오후', '서울', '반포', '공원', '위치', '빛', '빛섬', '섬', '예', '예빛무대', '무대', '5', '미니', '미니앨범', '앨범', '포', '포이즌', '이즌', '컴', '컴백', '백', '기념', '스페셜', '버스', '버스킹', '킹', '개최', '이날', '컴백', '팬', '공', '만명', '25', '25만', '만', '도심', '5만', '의', '관람객', '성황', '29', '29일', '구리', '구리역', '광장', '대단원', '막', '이번', '축제', '지난달', '27', '27일', '3', '3일간', '일간', '코스모스', '갈매', '애비', '애비뉴', '뉴', '앞', '분수대', '하차', '대', '대교', '교', '보행', '보행길', '길', '10', '15', '15분', '분', '정도', '진입', '가능', '촌', '촌나루', '나루', '여의', '여의나루', '등', '수상', '수상택시', '택시', '이용', '수', '김명희', '명희', '기자', '세상', '모든', '워', '을', '위', '노래', '인기', '여성', '듀오', '지류', '산책길', '듯', '개', '재수', '경험', '남자', '키', '리브스', '러', '영화', '존', '윅', '번째', '시리즈', '파라', '파라벨', '벨', '룸', '6', '6월', '월', '개봉', '짐승', '안방', '안방극장', '극장', '13', '13일', '밤', '10시', '시', '예능', '프로그램', '어디', '아내', '맛', '사람', '뷰', '집', '본격', '셀프', '인테리어', '제이', '은', '현관', '옆', '벽', '페인트']"
3,그랜드케이팝페스티벌,"['인터', '인터콘티넨', '콘티', '넨', '호텔', '랜드', '볼', '볼룸', '룸', '기자', '기자회견', '회견', '팀', '대표', '케이', '케이팝', '팝', '의', '경쟁력', '페스티', '을', '계획', '본무', '본무대인', '대인', '캠프', '라운', '라운즈', '즈', '로', '구성', '가운데', '주최', '주최사', '사', '참석', '형태', '현재', '생각', '전세계', '존재', '인터파크티켓', '파크', '티켓', '콘서트', '순위', '코', '태', '앞', '창', '창원', '원', '페스티벌', '민드', '뒤', '섬', '섬재즈', '재즈', '과', '렛츠', '렛츠락', '락', '위치', '20', '이즈', '이즈백', '백', '은', '태의', '데뷔', '20주년', '주년', '뷰', '뷰어스', '어스', '싱', '포', '포르', '르', '8', '8일', '일', '오후', '4', '4시', '시', '티', '티넨', '볼륨', '2019', '회', '방탄', '방탄소년단', '소년단', '참여', '글로벌', '이', '수', '질문', '이수', '총괄', '프로듀서', '5', '5일', '대구', '한국', '한국문화산업포럼', '문화', '산업', '포럼', '연단', '1997', '1997년', '년', '해외', '이번', '대구국제뮤지컬', '국제', '뮤지컬', '초청', '만큼', '음악', '음악매체', '매체', '보드', '칼럼', '니', '스트로', '활동', '저', '프', '자', '자민', '민', '2', '2일', '서울', '한남', '한남동', '동', '하', '하얏', '얏', '호', '블랙', '블랙핑크', '핑크', '미국', '코첼라', '첼', '라', '공연', '거']"
4,서리풀페스티벌,"['이', '관련', '전', '전희경', '희경', '한국', '한국당', '당', '대변인', '전날', '페이스', '페이스북', '북', '서초', '서초구청', '구청', '서리', '서리풀페스티벌', '풀', '페스티벌', '촛불', '촛불집회', '집회', '참가자', '축제', '구분', '내용', '글', '게시', '대한', '대한민국', '민국', '정신', '정신나간', '나간', '나중', '서초', '서초구', '구', '주최', '의', '폐막', '행사', '방송인', '박명수', '디엠', '판타지', '검찰', '개혁', '요구', '국민', '함성', '위', '불꽃', '불꽃놀이라니', '놀이', '라니', '우연', '우연이요', '이요', '서울', '구청장', '28', '28일', '일', '반포', '대미', '장식', '1000', '1000명의', '명의', '오케스트라', '불', '불음악축제', '음악', '일렉트로닉', '댄스', '댄스뮤직', '뮤직', '파티', '등', '폐막행사', '26', '26일', '오후', '2', '2시', '시', '초구', '9', '9시', '30', '30분', '분', '서리풀', '10', '10만', '만', '명', '가량', '참석', '추산', '이날', '페스티발', '21', '21일', '개막', '이후', '8', '23', '23개', '개', '프로그램', '250', '250여개', '여', '공연', '총', '서초문화재단', '문화', '재단', '주관', '흥미', '로', '구민', '무대', '서초구민', '민', '0', '시민', '어제', '10시', '서초역', '역', '서초3동', '3', '동', '사거리', '1', '구간', '10만여', '고', '시간대', '저', '7', '7차검찰개혁', '차', '촛불문화제', '문화제']"
5,대학로문화축제(SUAF),"['축제', '저', '16', '16회', '회', '대학로', '대학로문화축제', '문화', '23', '24', '24일', '일', '이틀간', '마로니에', '공원', '인근', '도로', '일대', '2002', '2002년', '년', '1', '1회', '시작', '올해', '회', '뉴스', '현지', '기자', '23일', '오후', '서울', '종로', '종로구', '구', '회', '이날', '미디어', '미디어후원사', '후원', '사', '부스', '시민', '0', '리', '피', '0행사', '행사', '참여']"
6,궁중과사대부가의전통음식축제,"['11', '11일', '일', '서울', '종로', '종로구', '구', '운', '운현궁', '현궁', '열린', '궁', '궁중과', '중과', '사대부가', '전통', '전통음식축제', '음식', '축제', '시민', '1400', '1400년대', '년대', '1900', '1900년대', '조리', '속의', '을', '옛날', '책', '기록', '궁중', '중', '과', '구청장', '김', '김영종', '영종', '12', '12일', '삼일', '464', '우리', '한식', '한식문화', '문화', '보존', '계승', '개최', '7', '7일', '2004', '2004년', '년', '시작', '올해', '13', '13회', '회']"
7,ARKO한국창작음악제(국악부문),"['한국', '의', '창작', '관', '관현악', '현악', '산실', '역할', '양악', '국악', '망라', '대한', '대한민국', '민국', '대표', '창작음악제', '음악제', '로', '자리', '2020', '2020년', '년', '2', '2월', '월', '저', '11', '11회', '회', '한국창작음악제', '부문', '연주회', '0', '문화', '문화예술위원회', '예술', '위원회', '위원장', '박', '박종관', '종관', '이하', '추진', '추진위원회', '용', '창', '주최', '대표적', '국악부문', '2019', '2019년', '11월', '15', '15일', '일', '금', '창제', '오늘', '17', '17일', '전당', '콘서트홀', '개최', '예정', '이날', '10', '10회']"
8,대종상영화제(DaejongFilmFestival),[]
9,아트에디션,"['주류', '주류유통전문기업', '유통', '전문', '기업', '신세계', '세', '화백', '협업', '아트', '앤', '와인', '프로젝트', '3', '3종', '종', '한정', '수량', '한정판', '디', '디션', '션', '당시', '각', '작품', '최근', '신라', '신라호텔', '호텔', '브랜드', '파티', '베', '베딩', '딩', '트라', '트라페즈', '페즈', '로열', '네이비', '프', '프라노', '라', '노', '의', '대가', '박명', '박명선', '선', '아티스트', '환상적', '콜라', '세상', '처음', '국내', '최대', '미술품', '경매', '경매사', '사', '서울옥션', '이번', '출품', '판', '판타스', '타스', '릭', '1', '이', '가격', '독일', '저명', '컬렉터', '컬렉터인', '인', '히트', '히트임모빌', '임', '모빌', '그룹', '저', '7', '유로', '약', '9', '9천만', '천만', '원', '구입', '사진', '작업', '창작', '경험', '아이디어', '공간', '리', '리미티드', '미', '티드', '11', '서울', '북', '북페어', '페어', '2019', '준비', '거리', '언', '언리미티드', '리', '지난달', '15', '15일', '일', '17', '17일', '서울시립', '시립', '은', '코리아', '27', '27일', '유명', '디자이너', '안', '나', '번스', '한국', '코이버드', '독창적', '아방가르드', '스타일', '패션', '뷰티', '라이프', '라이프스타일', '등', '다양', '전시', '프로그램', '일환', '진행', '주제', '주제관', '관', '코너', '4', '4인의', '인의', '공동', '디렉터', '관람객', '을', '소동', '소동호가', '호가', '총괄', '총괄기획', '기획', '메디컬', '메디컬투데이', '투데이', '김', '김준수', '준수', '기자', '롯데', '롯데칠성음료', '칠성', '음료', '롯데뮤지', '뮤', '지', '열리', '피', '달', '달착륙', '착륙', '50', '50주년', '주년', '기념', '특별', '투', '문', '위드', '연계', '데', '데일리', '일', '리', '워터']"
10,허준축제,"['강서', '강서구', '구', '대표', '대표축제', '축제', '허', '20', '20회', '회', '11', '11일', '일', '13', '13일', '근린', '근린공원', '공원', '일대', '저', '개최', '이번', '동의', '동의보감', '보감', '바탕', '오페라', '인기', '인기가수', '가수', '공연', '서울', '3', '회', '사진', '공모전', '7', '7일', '의성', '이', '자라', '주요', '저서', '집필', '한의', '한의학적', '학적', '성지', '성지인', '인', '준비', '과', '23', '23회', '구민', '구민상', '상', '을', '시상', '뒤', '기념', '기념촬영', '촬영', '강', '강서', '강서구', '서구', '구', '제공', '0', '0강서구', '구청장', '노현', '노현송', '송', '강서구민상', '15', '15일', '올해']"
11,유러피언크리스마스마켓,"['서울', '유', '유러피언', '러', '피', '언', '크리스마스', '크리스마스마켓', '마켓', '포스터', '주말', '저', '10', '10회', '회', '이', '개최', '성북', '성북구', '구', '한성', '한성대입구역', '대입', '구역', '2', '2번', '번', '출구', '앞', '성북', '성북천분수마', '천분', '수마', '이번', '행사', '유래', '유래지인', '지인', '2017', '모습', '사진', '성북구청', '구청', '제공', '이승', '성북구청장', '구청장', '40', '40여개의', '여', '개의', '대사', '대사관저', '관저', '1', '1만', '만', '여명의', '명의', '외국인', '거주', '글로벌', '글로벌도시', '도시', '은', '세계인', '전통', '음식', '특별', '공연', '이', '겨울', '만끽', '수', '전국', '축제', '소식', '지금', '나', '주민', '한국', '문화', '사직', '사직대제', '대제', '아리랑', '페스티벌', '뿐', '한국인', '문화교류', '교류', '고향', '냄새', '라틴', '메리', '메리카', '카', '12', '12월', '월', '8', '9', '9일', '일', '이틀간', '분수', '마루', '2018', '을', '30', '30일', '2010', '2010년', '년', '이후', '아홉', '번째', '유럽', '정통']"
12,서울디자인페스티벌,"['예술', '예술경영지원센터', '경영', '지원', '센터', '아트', '굿', '굿즈', '즈', '편의점', '을', '국내', '디자이너', '세계', '진출', '2019', '서울', '디자인', '디자인페스티벌', '페스티벌', '통해', '28', '28일', '일', '의', '오', '12', '12월', '월', '4', '4일', '8', '8일', '코', '코엑스', '엑스', '닥터', '닥터그램', '그램', '니켈', '압박', '안', '안티', '티', '지의', '기술', '접목', '총', '4개', '개', '제품', '추가', '개발', '와이어', '안경테', '도', '수', '한편', '저', '18', '18회', '회', '서울디자인페스티벌', '은', '내달', '홀', '개최', '예정', '프로', '프로모션', '모션', '모토', '브랜드', '기업', '국내외', '동향', '경쟁력', '10', '10년', '년', '후', '미래', '논의', '유명', '창업', '창업가', '전문가', '참여', '글로벌', '스타트', '스타트업', '업', '페스티', '동대문', '플라자', '컴', '컴업', '스타트업과', '업과', '투자자', '기업간', '간', '교류']"
13,서울마을미디어축제,"['미디어', '활동', '결과물', '축제', '대구', '대구센터', '센터', '해', '시민', '대상', '영상', '영상제작', '제작', '영화', '영화상영회', '상영', '회', '2019', '2019년', '년', '마을', '마을미디어', '매니저', '양성', '양성과정', '과정', '을', '통해', '진', '2020', '2020년', '우수', '기획', '기획안', '안', '시상식', '동화', '내년', '4', '4월', '월', '30', '30일', '일', '이', '기간', '43', '43만', '만', '㎡', '등', '베네치아', '풍', '트리', '도', '1', '1월', '5', '5일', '계속', '12', '12월', '2', '2일', '서울', '명동', '정글짐', '모양', '아트', '매', '매경', '경', '그룹', '최근', '노인', '노인복지', '복지', '선진', '사례', '네덜란드', '요양', '요양현장', '현장', '시찰단', '모집', '의', '장', '프로그램', '인상적', '벡', '치매', '치매환자', '환자', '물건', '영등포', '영등포구', '구', '19', '19일', '토', '오전', '11', '11시', '시', '오후', '4시', '선유', '선유도', '선유도역', '도', '역', '선유도공원', '공원', '300', '구간', '거리', '시월', '선유', '개최', '2016', '2016년', '년', '오월', '시작', '4년', '년', '열리', '이번', '행사', '주민', '로', '구성', '남산', '남산한옥', '한옥', '참여', '참여예정', '예정', '철판', '철판요리집', '요리집', '효', '주최', '건강', '건강의료전문', '의료', '전문', '헬스', '주관', '저', '4회', '회', '한국', '맛', '오', '10', '10월', '31', '31일', '목', '컴백', '주', '부대', '부대행사인', '인', '도전']"
14,서울와우북페스티벌,"['사', '와우', '와우책문화예술', '책', '문화', '예술', '센터', '대표', '이채', '이채관', '관', '2019', '2019년', '년', '10', '10월', '월', '3', '3일', '일', '목', '6', '6일', '일', '4', '4일', '간', '홍', '홍대주차장거리', '대주', '차장', '거리', '주변', '공간', '저', '15', '15회', '회', '서울', '서울와우북페스티벌', '북', '페스티벌', '을', '진행', '의', '주제', '제', '제15회', '은', '동', '동시대', '시대', '독자', '관심사', '이', '넷', '박', '진', '기자', '강연', '프로그램', '시작', '막이', '중심', '도서', '도서전과', '전과', '야외', '야외행사', '행사', '뉴스', '뉴스토마토', '토마토', '권익', '015', '015회', '회', '홍대', '대', '올해', '시대적', '담론', '다각도', '조명', '포럼', '등', '생각', '수', '사람', '홍대거리', '대거리', '이하', '와우북페스티벌', '리', '사회적', '사회적기업', '기업', '국내', '책축제', '축제', '표방', '2005', '2005년', '다음달', '나흘', '나흘간', '간', '마포', '마포구', '구', '홍익', '홍익대', '앞', '주차장', '주차장거리', '주변공간', '개최', '25', '25일', '이번', '소득', '소득공제', '공제', '가능', '서점', '북페스티벌', '소개', '대한', '대한민국', '대한민국독서대전', '민국', '독서', '대전', '문학', '문학주간', '주간', '파주', '파주북소리', '소리', '문화비', '외', '박물관', '미술관', '공연장']"
15,서울드럼페스티벌,"['기존', '서울', '서울드럼페스티벌', '드럼', '페스티벌', '5', '5월', '월', '봄', '과', '디', '디음악축제', '음악', '축제', '9', '10', '10월', '가을', '여름', '서울국악축제', '국악', '6', '6월', '한강', '뮤직', '뮤직페스티벌', '8', '8월', '서울뮤직페스티벌', '겨울', '서울클래식음악축제', '클래식', '11', '12', '12월', '11월']"
16,남산골한옥마을세시맞이-추억의명절<오(五)대감한가위잔치>,"['남산골', '남산골한옥마을', '한옥', '마을', '오', '대감', '한가위', '한가위잔치', '잔치', '시', '시풍속', '풍속', '시맞이', '맞이', '행사', '추억', '명절', '진행', '우리네', '민속놀이', '서울시', '27', '28', '28일', '일', '다섯', '채의', '양반', '댁', '주제', '추석', '세세', '세세풍속', '체험', '민속', '놀이', '을', '수', '시간', '공연', '공연일시', '일시', '9', '9월', '월', '8', '8일', '오후', '00', '30', '공연장소', '장소', '국립', '국립국악원', '국악원', '관람', '관람연령', '연령', '취학', '취학아동', '아동', '관람가능', '가능', '관람시간', '90', '90분', '분', '격', '무료', '한옥마을', '세시', '세시맞이', '자료', '제공', '27일', '21', '21일', '옥', '일요', '일요신문', '신문', '이틀간', '개최', '서울', '부제', '이색적', '프로그램', '다양', '준비', '소개']"
17,실버문화페스티벌,"['동구', '저', '5', '5회', '회', '실버', '실버문화', '문화', '페스티벌', '광주', '광주광역시', '광역시', '최근', '을', '개최', '26', '26일', '일', '노인', '노인종합복지관', '종합', '복지관', '주관', '이번', '행사', '취미', '여가', '여가프로그램', '프로그램', '활동', '광주시', '청장', '임', '임택', '택', '20', '20일', '어르신', '실버동아리', '동아리', '참여', '가운데', '2019', '2019년', '년', '동', '동구청', '구청']"
18,북팔코믹스페스티벌:쁘띠북코페달빛과자전,[]
19,압구정로데오힐링페스티벌,"['사진', '현대', '현대백화점', '백화점', '제공', '전국', '15', '15개', '개', '6', '6개', '아울렛', '추석', '연휴', '힐링', '페스티벌', '을', '압구정', '압구정로데오', '로데오', '역', '인근', '위치', '갤러리', '명품', '명품관', '관', '니스', '트렌드', '이탈리아', '하이', '하이엔트', '엔트', '경희', '창조', '미', '이하', '아카데미', '지원', '계기', '축제', '기획', '관심', '저', '힐', '힐링페스티벌', '링', '2017', '정', '정동야행', '동야', '행', '물', '물순환', '순환', '시민', '문화제', '등', '다양', '행사', '주최', '기획단', '16', '16일', '일', '강남', '강남구', '구', '정순', '정순균', '균', '구청장', '구민', '사랑', '쌀', '쌀나눔운동본부', '나눔', '운동', '본부', '김장', '2000', '2000포기', '포기', '솥', '도시락', '지역', '저소득', '기부', '한국', '한국폭력학대예방', '폭력', '학대', '예방', '협회', '의', '청소년', '콘서트', '10', '10월', '월', '1', '1일', '3', '3일', '거리', '일대', '강남', '패션', '페스티', '이', '올해', '10년', '년', '민', '민속', '속', '캠프', '황토', '황토마을', '마을', '횡', '횡성한우축제', '성한', '우', '2016', '대한', '대한민국', '민국', '대표', '최고', '한우', '한우축제', '행사기간', '기간', '서울', '서울특별', '서울특별시', '특별시', '시', '로데오거리', '2016.05', '06', '07', '은', '패션페스티벌', '거리예술공연', '예술', '공연', '놀이', '놀이체험부스', '체험', '부스', '경품', '11', '11일', '신사', '신사동', '동', '열린', '2015', '거리공연', '2015.12', '저작권자', '연합', '연합뉴스', '뉴스', '무단', '전재', '배포', '금지', '12', '강남구청', '구청', '후원', '12월', '금', '12일', '토', '양일', '간']"
20,Thebrilliantcountdown2016(영동대로카운트다운),[]
21,서울코믹월드,"['10', '10일', '일', '서울', '서초', '서초구', '구', '양재', '양재동', '동', '센터', '저', '166', '166회', '회', '코믹', '코믹월드', '월드', '코', '코스프레', '스프', '레', '참가자', '포즈', '2019.11', '뉴스', '뉴스1', '1', '머', '너', '즈', '워', '뉴욕', '콘', '전시', '현장', '스포츠', '김', '기자', '모바일', '게임', '기업', '컴', '컴투스', '투스', '대표', '송병준', '글로벌', '아레나', '챔피언십', '브랜드', '가치', '이', '이투데이', '투데이', '애', '만화', '사랑', '축제', '양재', '콘테스트', '만화노래자랑', '노래', '자랑', '동아리', '전시교류전', '교류', '전', '등', '볼거리', '멀티', '멀티플랫폼', '플랫폼', '카카오', '카카오게임즈', '각자', '남궁', '훈', '조', '계', '계현', '현', '20', '20일', '토', '과', '21', '21일', '일', '양일간', '학', '학여울역', '여울', '역', '텍', '164', '164회', '회', '인기', '애니메이션', '프린세스', '넥트']"
22,독도둘레길체험여의도걷기대회,"['실', '실기', '기', '대회', '거리', '거리극', '극', '선녀', '나무꾼', '공연', '승마', '체험', '물고기', '잡기', '깡통', '열차', '운행', '가족', '단위', '관광객', '예정', '추석', '추석맞이', '맞이', '경북', '특별', '프로그램', '가위', '스페셜', '보문', '보문호반', '호반', '달빛', '걷기', '10', '10월', '월', '광장', '독', '둘레', '둘레길', '길', '여의도', '걷기대회', '오', '오전', '전', '11', '11시', '시', '오후', '2', '2시', '3', '3시', '칙령', '기념사업', '국민', '국민연합', '연합', '포럼', '살리기', '살리기운동본부', '운동', '본부', '탑', '탑골공원', '골', '공원', '덕수궁', '내', '광화문', '광화문광장', '저', '115', '115주년', '주년', '날', '기념식', '1', '1시', '4', '4시', '시', '물빛', '물빛무대', '무대', '1회', '회', '성황리', '개최', '이', '이번', '번', '의', '중함', '마련', '5.4', '동도', '2.8', '서', '2.6', '천', '세', '세명고', '명고', '동아리', '활동', '통해', '지킴', '로', '지난해', '서울', '충북', '제천', '명', '명고등학교', '고등', '학교', '사랑', '사랑부ㆍ역사', '부', 'ㆍ', '역사', '캠핑', '캠핑부', '학생', '참여', '기념', '기념촬영', '촬영', '대전', '중도', '중도일보', '일보', '의용', '의용수비대기념사업회', '수비대', '사업회', '회장', '이병', '국회의원', '오', '25', '25일', '일', '오전', '들판', '일원', '이날', '행사', '가상', '수', '상', '코스', '선착장', '시작']"
23,한글문화장터,"['여', '여주시', '주시', '관계자', '토요', '장터', '활성화', '지역', '지역상권', '상권', '하나', '한글', '시장', '문화', '수', '노력', '여주의', '주의', '대표', '대표시장', '각종', '홍보', '콘', '츠', '개발', '지속적', '추진', '나라', '입찰', '공고', '조달청', '물품', '물품구입', '구입', '소액', '소액수의', '수의', '견적', '견적제출', '제출', '안내', '안내공고', '파크', '파크골프장', '골프장', '조성', '조성공사', '공사', '관급', '입찰명', '명', '신규', '신규경기', '경기', '창조', '창조허브', '허브', '공간', '공간조성', '리모델링', '통신', '계약', '계약방법', '방법', '소', '액', '견적입찰', '2', '2인', '인', '이상', '기자단', '운영', '등', '시장자생력', '자생력', '강화', '차원', '야시장', '지역커뮤니티', '커뮤니티', '지원', '상인', '상인동아리', '동아리', '한', '러', '청소년', '교류', '버스', '버스킹', '킹', '거리', '거리뮤지컬', '뮤지컬', '다양', '이벤트', '대회', '재', '그림', '그리기', '공연', '3', '3종', '종', '학생', '가을', '음악제', '배', '배꼬미', '꼬미', '취타', '취타대', '대', '세종', '이', '이도의', '도의', '꿈', '시연', '예림', '예림회', '회', '차회', '날', '퀴즈', '시', '4', '4종', '사군자', '작품', '어린이', '서예', '영', '근대', '근대역사', '역사', '익산', '솜', '을', '등록', '4일', '일', '송기', '송기주', '주', '벌', '벌식', '식', '타자기', '세로', '세로모아쓰기', '모아', '쓰기', '방식', '특징', '현재', '발견']"
24,대한민국커피축제,"['강릉', '커피', '커피축제', '축제', '횡', '횡성한우', '성한', '우', '2', '3', '3위', '위', '뒤', '연구소', '연구소측', '측', '9', '9월28일', '월', '28', '일', '10', '10월29일', '29', '이', '11', '11월', '대한', '대한민국', '민국', '도시', '브랜드', '브랜드평판', '평판', '빅', '빅데이터', '데이터', '분석', '분석결과', '결과', '수원', '수원시', '시', '7', '7위', '차지', '서울', '부산', '세종', '처음', '공장', '위험', '부담', '조금', '생산', '때', '판매', '반응', '최', '최진성', '진성', '이번', '잼', '2019', '2019년', '년', '관광', '관광기념품', '기념품', '공모전', '문화', '문화체육관광부', '체육', '부', '장관', '장관상인', '상인', '은상', '아세', '아세안', '안', '의', '관심', '다양', '이', '행사', '성행', '1', '청계', '청계광장', '광장', '인도네시아', '대표', '대표작가', '작가', '체험', '체험부스', '부스', '사람', '대기', '대기번호', '번호', '인근', '음식', '음식업소', '업소', '숍', '예약', '29일', '오후', '2시', '시', '국화', '개장식', '최초', '건립', '한국', '한국트로트가요센터', '트로트', '가요', '센터', '개관식']"
25,정동야행,"['정', '교수', '정동', '정동야행', '야행', '등', '2016', '2016년', '년', '시작', '문화재', '활용', '야간', '프로그램', '축제', '진주', '남강', '남강유', '유', '등축제', '소개', '앞', '기조', '기조발표', '발표', '다이', '중국', '중국관광연구원장', '관광', '연구원장', '야간경제', '경제', '동화', '동화약품', '약품', '10', '10월', '월', '25', '25일', '일', '26', '26일', '양일간', '서울', '중구', '일대', '2019', '참여', '이번', '시간', '시간여행', '여행', '을', '주제', '정동의', '동의', '근대', '역사', '문화', '조명', '서울특별', '서울특별시', '특별시', '시', '오후', '정동일대', '성황리', '개막', '은', '0', '1897', '테마', '개화기', '재']"
26,정동문화축제,"['17', '17일', '일', '서울', '중구', '정동', '길', '시민', '경향', '경향신문', '신문', '주최', '저', '21', '21회', '회', '문화', '문화축제', '축제', '진행', '공연', '관람', '19', '19일', '이번', '각종', '사진전', '노', '노천카페', '천', '카페', '한국', '근', '근현대사', '현대사', '산실', '다양', '행사', '수', '정동문화축제', '서울시', '등', '후원', '올해', '회', '보', '보담', '담', '을', '개최', '10.17', '덕수궁', '돌담', '돌담길', '경향신문사', '신문사', '전역', '콘서트', '아트', '아트마켓', '마켓', '앞', '일대', '기업', '학교', '주민', '시사', '시사만화', '만화', '전시', '캐리', '처', '주기', 'ㆍ', 'ㆍ풍납토성', '풍', '납', '토성', '선사', '역사', '체험', '거리', '가을', '10', '10월', '월', '곳곳', '이색', '볼거리']"
27,북팔코믹스페스티벌:할로북코페,[]
28,경북착한사과페스티벌,"['5', '5일', '일', '서울', '서울광장', '광장', '2019', '경북', '사과', '페스티벌', '의', '조형물', '앞', '시민', '기념', '촬영', '이날', '7', '7일', '반값', '할인', '판매', '시식회', '등', '마련', '지역', '전국', '도가', '을', '개최', '올해', '14', '14회', '회', '이번', '행사', '3', '공연', '문화', '문화행사', '행운', '로또', '경', '경북도', '북도', '우수성', '홍보', '수입산', '과일', '소비', '감소', '촉진', '13', '13일', '2018', '개막식', '15', '15일', '홍보행사', '대한', '대한민국', '민국', '경북사과', '슬로건', '13번째', '번째', '이', '개막', '15개', '개', '주산지', '농민', '정성', '땀', '명품', '맛', '수', '기회', '값']"
29,남산한옥마을세시맞이따뜻한겨울애(愛)동지,[]
30,K-FoodFestival,"['본', '0', '0행사의', '행', '사의', '0자세한', '자', '세한', '0사항', '사항', '0홈페이지', '홈페이지', '0통해', '통해', '0확인', '확인', '0가능', '가능', '0온라인', '온라인', '0사전', '사', '전', '밋', '이', '0오', '오', '06', '06월', '월', '028', '028일', '일', '030', '030일', '0일산', '일산', '텍스', '07']"
31,북팔코믹스페스티벌,"['17', '17일', '일', '서울', '학', '학여울역', '여울', '역', '세텍에서', '서울디저트페어', '디저트', '페어', '수', '수박', '박', '망고', '주최', '북', '코믹스', '금', '금손', '손', '페스티', '냥', '디저트페어', '동시', '페이스', '페이스북', '스타', '스타그램', '그램', '등에', '인기', '맛', '맛집', '집', '0', '0국내', '국내', '0최대', '최', '대', '0규모', '규모', '0디저트', '0축제인', '축', '제인', '0올해', '올해', '020', '020회차', '회', '차', '0다양', '다양', '0창작물', '창작물', '0전시', '전시', '저', '9', '9회', '회', '0서울금손', '도', '0오', '오', '02', '02월', '월', '08', '08일', '010', '010일', '재', '반려', '반려동물', '동물', '용품', '소품', '축제', '7', '7월', '일', '이번', '멍', '멍냥', '서울금손', '과', '개최', '행사', '티켓', '장', '세', '제공', '14', '14일', '일', '15', '15일', '양일간', '학여울', '가지', '주최사', '사', '21', '21일', '22', '22일', '텍', '전시장', '고양이', '공동', '이', '이번', '번', '300', '300여개', '여', '개', '면', '레진', '정답', '은', '웹', '웹소설', '소설', '웹툰', '툰', '플랫폼', '두각', '조아', '12', '12월', '1', '1회', '노', '레스', '신규', '신규작품', '작품', '77', '을', '전문가', '평가', '100', '독자', '엔', '엔씨', '씨', '관람객', '온라인', '온라인게임', '게임', '엠', '엠엑스엠', '엑스', '의', '캐릭터', '캐릭터인', '인', '라미', '지난달', '30', '30일', '일본', '피', '피규', '규', '축제인', '2017', '원', '참가', '한정', '클로에', '피규어']"
32,강동친환경도시농업축제,"['정훈', '강', '강동', '동', '구청장', '25', '25일', '일', '상일', '상일텃밭', '텃밭', '상일', '상일동', '동', '12', '12번지', '번지', '갈무리', '축제', '참석', '한해', '주민', '도시', '도시농업', '농업', '단체', '회원', '등', '100', '100여', '여', '명', '토', '토종배추', '종', '배추', '김장', '소통', '시간', '미세', '미세먼지', '먼지', '리', '리미', '미', '전광판', '설치', '친', '친환경', '환경', '전기', '전기자동차', '자동차', '보급', '영세', '영세사업장', '사업장', '대기', '대기오염', '오염', '방지', '방지시설', '시설', '지원', '문화', '로', '한', '건천', '건천체육공원', '체육', '공원', '조성', '불국', '스포츠', '스포츠센터', '센터', '건립', '모', '모량초등학교', '량', '초등학교', '개방형', '다목적', '체육관', '에너지', '에너지자립마을', '자립', '마을', '온실', '온실가스', '가스', '진단', '컨설팅', '다양', '지원방안', '방안', '마련', '에너지자립', '구', '고', '한편', '성내', '성내동', '위치', '올림픽', '올림픽파크', '파크', '양수', '양수자인', '자인', '건강', '지향', '사업', '기후', '기후변화', '변화', '대응', '수', '정책', '이번', '박람회', '의', '청', '과', '문의', '별', '푸른', '문의하면', '하면', '안내']"
33,서울김장문화제,"['28', '28일', '일', '서울시', '다음', '달', '1', '3', '3일', '사흘간', '서울', '서울광장', '광장', '교로', '일대', '지역', '상생', '주제', '2019', '서울김장문화제', '김장', '문화제', '개최', '하이라이트', '이틀간', '65', '배추', '김장나눔', '나눔', '행사', '0', '0서울시', '다음달', '김', '장', '은', '김장문화', '문화', '협력', '가치', '대표', '대표행사', '시민', '단체', '기업', '등', '1일', '시청', '시청앞', '앞', '김장문화제', '외국인', '한마음', '소외', '이웃', '김치', '김치명인', '명인', '김장간', '간', '우리집']"
34,6시내고향토종씨앗축제,"['6', '6시', '시', '내고', '내고향', '향', '은', '16', '16일', '일', '서울', '여의도', '홀', '앞', '광장', '시청자', '3000', '3000명', '명', '토종', '토종씨앗', '씨앗', '을', '무료', '토종씨앗축제', '축제', '하경', '기자', '스포츠', '스포츠경향', '경향', '뉴스', '프로그램', '6000', '6000회', '회', '김', '김정수', '정수', '국장', '1', '1의', '의', '거점', '기간', '제작', '고', '입', '기념', '기획', '데', '지난해', '10', '10월', '월', '한편', '1991', '1991년', '년', '5', '5월', '20', '20일', '방송', '이후', '25', '25년간', '간', '전국', '농어촌', '먹', '거기', '소개', '동아', '동아닷컴', '닷컴', '연예', '연예팀', '팀', '공식', '페이스', '페이스북', '북', '스타', '화보']"
35,정동야행,"['정', '교수', '정동', '정동야행', '야행', '등', '2016', '2016년', '년', '시작', '문화재', '활용', '야간', '프로그램', '축제', '진주', '남강', '남강유', '유', '등축제', '소개', '앞', '기조', '기조발표', '발표', '다이', '중국', '중국관광연구원장', '관광', '연구원장', '야간경제', '경제', '동화', '동화약품', '약품', '10', '10월', '월', '25', '25일', '일', '26', '26일', '양일간', '서울', '중구', '일대', '2019', '참여', '이번', '시간', '시간여행', '여행', '을', '주제', '정동의', '동의', '근대', '역사', '문화', '조명', '서울특별', '서울특별시', '특별시', '시', '오후', '정동일대', '성황리', '개막', '은', '0', '1897', '테마', '개화기', '재']"
36,서울과자북코페,[]
37,서울장미축제,"['빛', '축제', '저', '7', '7회', '회', '이', '이월드', '월드', '별빛', '개최', '별', '장', '장미', '미', '정', '정원', '원', '등', '3', '3개', '개', '꽃', '올해', '서울', '겨울', '라이트', '동대문', '동대문디자인플라자', '디자인', '플라자', '건물', '외벽', '스크린', '삼아', '12', '12월', '월', '20', '20일', '일', '내년', '봉산', '봉산문화회관', '문화', '회관', '스페이스', '스페이스라온', '라온', '11', '11월', '23', '23일', '오후', '3시', '시', '최', '최석민', '석민', '무용단', '2', '28', '28무용극', '무용극', '우리', '역사', '역사문화광장', '광장', '지식', '음', '중구', '도서관', '부산', '부산콘텐츠유니버시아드', '콘텐츠', '유니버시아드', '덕수궁', '돌담', '돌담길', '길', '시민', '5000', '5000명', '명', '참여', '문화재단', '재단', '21', '21일', '다음', '달', '26', '26일', '영등포', '선유', '선유도', '도', '공원', '반딧불', '조명', '선유도역', '역', '구리', '포', '포천간', '천간', '고속도로', '개통', '1', '1시간', '시간', '방문', '수', '계절', '계절별', '일몰', '시간', '전국', '최대', '최대규모', '규모', '다이나', '다이나믹광장', '믹', '과', '국내', '국내최초', '최초', '별빛수국정원', '수국', '어드벤처', '어드벤처광장', '정림', '자가', '초청', '초청가수', '가수', '출연', '현장', '분위기', '예정', '한편', '노래', '노래자랑', '자랑', '참가', '희망', '은평', '은평구', '은평구민', '구', '민', '기독', '기독대학교', '대학교', '전화', '접수', '입상자', '부상', '전자', '전자피아노', '피아노', '개화', '5', '5월', '서울장미축제', '202', '명이', '주민', '휴식처', '방', '방문객', '문객', '장소', '각광', '이']"
38,연예인과함께하는희망나눔페스티벌,"['사랑', '나눔', '포차', '관람객', '보기', '에어', '에어바운스', '바운스', '표기', '숫자', '숫자만큼', '만큼', '참가자', '이름', '쌀', '기부', '방식', '진행', '초록', '초록우산', '우산', '어린이', '어린이재단', '재단', '기부방방', '방방', '행사', '고려대', '고려대학교', '학교', '의과', '의과대학', '대학', '잎', '잎클로버', '클로버', '페스티', '학장', '홍', '홍식', '식', '은', '최근', '담', '희망', '주제', '병원', '1', '1층', '층', '3', '3층', '지역', '지역사회', '사회', '4', '4번째', '번째', '건강', '파주', '파주시', '파주시민', '시', '민', '행복', '페스티벌', '을', '성황리', '개최', '이날', '오후', '5', '5시', '시', '9', '9시', '30', '30분', '분', '2', '2부', '부', '날개', '날개클럽', '클럽', '후원', '청소년', '국악인', '이한', '이한서', '서', '공연', '분위기', '이어진', '연', '연예인', '예인', '올해', '16', '16회', '회', '맞이', '고령', '고령군', '군', '의', '새싹', '잔치', '방송', '댄스', '합창', '태권도', '시범', '스트릿', '뮤지컬', '초청', '레크리에이션', '경품', '경품추천', '추천', '등', '무대', '이벤트', '성주', '성주군']"
39,"서대문,1919그날의함성!","['1919', '년', '1', '1월', '월', '경성', '기독교', '목사', '오화영', '신석구', '등', '나', '독립', '독립운동', '운동', '논의', '2', '2월', '20', '20일', '일', '서대문', '그날', '밤', '최종', '최종현', '현', '주동자', '시위', '준비', '속', '남산', '남산교', '교', '부근', '그때', '저녁', '사', '강원', '강원여성', '여성', '예', '예협회', '협회', '주최', '주관', '강원', '강원도', '도', '후원', '3', '1절', '절', '100', '100주년', '주년', '기념', '함성', '저', '9', '9회', '회', '아우', '장터', '태극기', '만세', '만세운동', '주도', '주도하다', '하다', '형무소', '압송', '일제', '고문', '끝', '순국', '서울', '구', '1운동', '3월1일', '독립공원', '공원', '형무소역사관', '역', '사관', '일대', '100년', '년', '외침', '주제', '날', '0', '0행사', '행사', '개최', '3일', '이날', '문', '문석진', '석진', '구청장', '다음달', '1일', '22', '22일', '역사', '역사어린이합창단', '어린이', '합창단', '삼일절', '당일', '오전', '9시', '시', '11', '11시', '역사관', '내', '특설', '무대', '배우', '저항', '염원']"
40,우유의날행사&국내산치즈페스티벌,"['인천', '인천지법', '지법', '부천', '부천지원', '지원', '형사', '형사1부', '1', '부', '임', '임해지', '해지', '부장', '부장판사', '판사', '통화', '통화위조', '위조', '위조통화', '행사', '등', '혐의', '기소', '씨', '40', '그', '날', '부천', '부천시', '시', '상점', '950', '950원', '원', '우유', '1팩', '팩', '뒤', '원권', '위조지폐', '지폐', '거스름돈', '9050', '9050원', '원', '이번', '아동', '아동복지시설', '복지', '시설', '종사자', '250', '250여', '여', '명', '참석', '도지사', '표창', '아동학대', '학대', '예방', '다짐', '학생', '9', '9명', '구성', '봉사', '봉사동아리', '동아리', '3', '3월', '월', '급식', '제공', '2', '2만여', '만', '장', '화장지', '2천', '천', '개', '천안', '관내', '11', '11개', '농', '축협', '참여', '천안', '천안시', '농특산물', '특산물', '배', '봉', '봉포도', '포도', '오이', '쌀', '잡곡', '버섯', '30', '30여종', '여종', '하늘', '하늘그린', '그린', '농산물', '고추장', '된장', '떡', '치즈', '6', '6차', '차', '산업', '산업제품', '제품', '토', '토바우', '바우', '한우', '천', '천안축협', '안']"
41,개화산해맞이행사,"['서울', '강서', '강서구', '구', '1', '1월', '월', '1일', '일', '개화산', '정상', '구민', '2019', '해맞이', '행사', '개최', '24', '24일', '구', '해', '마무리', '각오', '출발', '준비', '다양', '공연', '문', '이번', '축제', '소망', '소망엽서', '엽서', '보내기', '가훈', '주기', '등', '진행', '오전', '7', '7시', '시', '47', '47분쯤', '분', '쯤', '기해', '수', '편집', '김', '김환', '환', '기자', '2019년', '년', '첫날', '은', '최서단', '위치', '산', '동쪽', '명소', '명소여', '여', '주민', '로', '인산', '인산인해', '인해', '이', '6', '6시', '50', '50분', '신명', '길놀이', '흥', '기운', '대', '북', '북공연', '템포디', '사전', '강서', '강서주민', '새해', '새해소망', '인터뷰', '영상']"
42,인왕산청운공원해맞이축제,"['서울', '종로', '종로구', '구', '구청장', '김', '김영종', '영종', '오', '1', '1월', '월', '1일', '일', '저', '20', '20회', '회', '인왕산', '청운', '청운공원', '공원', '해맞이', '축제', '개최', '26', '26일', '2019', '2019년', '년', '시작', '축하', '주민', '화합', '건강', '기원', '마련', '자리', '1월1일', '동', '청와대', '기해', '새해', '화', '첫날', '제', '제20회', '30', '30일', '앞', '각', '오전', '7', '7시', '시', '2', '2시간가량', '시간', '가량', '진행', '8', '8시', '풍물패', '공연', '북', '새해소망', '소망', '가훈', '주기', '등', '운영', '성동', '성동구', '응', '응봉산', '봉산']"
43,한부모가족모두하나대축제,"['19', '19일', '일', '서울', '서울특별', '서울특별시', '특별시', '시', '부모', '부모가족', '가족', '지원', '지원센터', '센터', '주관', '모두', '하나', '대축제', '참여', '아이', '무료', '목공', '체험', '서비스', '제공', '21', '21일', '한국', '한국임업진흥원', '임업', '진흥원', '임직원', '자원', '자원봉사자', '봉사자', '10', '10월', '월', '2019', '모두하나대축제', '포스터', '인식', '인식개선', '개선', '0', '광화문', '북측', '북측광장', '광장', '차별', '당', '생활', '수', '사회', '환경', '마련', '축제', '진행', '서울시가', '시가', '주최', '서울시']"
44,응봉산해맞이축제,"['새해', '날', '응', '응봉산', '봉산', '해맞이', '축제', '성동', '성동구', '구', '주민', '안녕', '행복', '기원', '도시', '도시브랜드', '브랜드', '향상', '개최', '스마트', '스마트포용도시', '포용', '론', '이용', '하늘', '하늘인사', '인사', '풍물패', '전자', '전자현악', '현악', '공연', '성', '성동', '성동구', '동구', '구', '구청장', '정원', '정원오', '오', '기해', '1', '1일', '일', '오전', '7', '7시', '시', '팔각정', '한강', '서울', '서울숲', '숲', '등', '동부', '모습', '눈', '수', '도심', '속', '최고', '일출', '명소', '소망', '소망풍선', '풍선', '프로그램', '준비', '성북', '성북구', '개', '개운산공원', '운산', '공원', '운동장', '성북', '행사', '마련', '대북', '대북공연', '기', '기해년', '해년', '첫날', '2', '2일', '산', '개나리', '개나리꽃', '꽃', '봄날', '여름', '동네', '야경', '사진', '사람', '한밤', '데이트', '연인', '강북', '강북구', '북한산', '시단', '시단봉', '봉', '시민', '종로', '종로구', '청운', '청운공원', '화합', '건강', '예정', '서울지역', '지역', '산과', '서대문', '서대문구', '안산', '안산봉수대', '봉수대', '인왕산', '경기', '경기도', '도', '구리', '광진', '광진구', '경계', '아차산', '광장', '눈꽃', '눈꽃산행', '산행', '장소', '겨울', '태백산', '평', '평창', '창', '대관령', '덕유산', '중', '상암', '상암동', '동', '하늘공원', '억새', '로', '유명', '서쪽', '명', '명소다', '소다', '은', '규모', '시내', '위치', '접근', '한눈']"
45,전쟁기념관어린이날문화축제,"['전쟁', '전쟁기념관', '기념관', '은', '다음', '달', '5', '5일', '일', '저', '97', '97회', '회', '어린이날', '을', '공연', '체험', '행사', '문화', '문화축제', '축제', '개최', '25', '25일', '오전', '9', '9시30분', '시', '30', '분', '오후', '4', '4시', '선착순', '1000', '1000명의', '명의', '서울', '용산', '용산구', '구', '평화', '평화광장', '광장', '열린', '수방사', '헌병', '헌병단의', '단의', '모터', '사이', '사이카', '카', '퍼레이드', '사진', '박', '기자']"
46,지구촌나눔한마당,"['화합', '나눔', '을', '실천', '취지', '퍼포먼스', '마련', '공동체', '활동', '우수', '우수사례', '사례', '공유', '우리', '마을', '마을자랑대회', '자랑', '대회', '최우수', '최우수상인', '상인', '어울림', '어울림상', '상', '지구촌', '문화', '문화공동체', '대표', '김', '애', '감동', '창덕', '창덕마을공동체', '해', '해봄', '봄', '2019', '2019년', '년', '광양', '광양시', '시', '마을공동체', '한마당', '성', '대전', '대전시가', '시가', '시민', '외국인', '외국인주민', '주민', '축제', '개최', '이달', '26', '26일', '일', '오전', '10', '10시', '시', '보라매', '보라매공원', '공원', '대전시민', '소통', '저', '11', '11회', '회', '세계인', '행사', '전', '세계']"
47,아차산해맞이축제,"['새해', '해맞이', '장소', '인기', '추석', '아차산', '보름달', '수', '시간', '13', '13일', '일', '018', '018시', '시', '37', '37분로', '분로', '촌', '촌호수', '호수', '벚꽃', '축제', '로', '사람', '곳', '기도', '하다', '이', '이번', '번', '18', '18시', '시', '37분', '분', '서울', '광진', '광진구', '구', '2019', '2019년', '년', '황금', '황금돼지', '돼지', '해', '기해', '을', '내년', '1', '1월1일', '월', '오전', '7', '7시', '광장', '개최', '27', '27일', '등산객', '축하', '문화', '문화공연', '공연', '2018', '2018년', '1월', '1일', '모습', '업', '업코리아', '코리아', '년', '동쪽']"
48,하늘공원해맞이행사,"['이후', '1981', '1981년', '년', '다도해', '다도해해상국립', '해상', '국립', '공원', '지정', '편백', '편백나무', '나무', '숲', '훼손', '수령', '100', '100년', '국내', '1', '1월', '월', '1일', '일', '남', '남열', '열', '해수욕장', '새해', '해맞이', '행사', '도', '전국', '제일', '유자', '산지', '고흥', '내년', '고흥방문', '방문', '얼굴', '태양', '하늘', '로', '무언가', '기', '심정', '영겁', '호미', '축제', '불꽃', '불꽃쇼', '쇼', '음악회', '떡국', '등', '다양', '진행', '근처', '이때', '곱', '단풍', '만추', '청명', '과', '찬바람', '낙엽', '낭만', '낭만적인', '적인', '여행', '이곳', '대덕', '대덕구', '구', '곳', '브런', '메뉴', '송이', '송이떡국', '만두', '만두샐러드', '샐러드', '마포', '마포구', '구청장', '유동', '유동균', '균', '2019', '2019년', '년', '기해', '황금', '돼지띠', '해', '월드컵', '하늘공원', '개최', '28', '28일', '은', '서울', '대표적', '해돋이', '명소', '명소이자', '이자', '생태', '중랑', '중랑구', '봉화산', '정상', '강서', '강서구', '개화산', '구로', '구로구', '매봉산', '서초', '서초구', '우', '산', '소망', '소망탑', '탑', '강동', '강동구', '일', '일자산', '자산', '광장', '약', '1만명', '만', '명', '참석', '등산로']"
49,응봉산개나리축제,"['응', '응봉산', '봉산', '은', '중랑천', '한강', '합류', '입지', '입지여건', '여건', '한강조망', '조망', '포인트', '유명', '봄철', '개나리', '개나리축제', '축제', '시민', '관광', '관광명소', '명소', '편', '정월', '대보름', '주민', '이곳', '달을', '성', '성동', '성동구', '동구', '구', '구청장', '정원', '정원오', '오', '봄', '전령', '전령사', '사', '노란색', '핀', '3', '3월', '월', '29', '29일', '일', '31', '31일', '저', '22', '22회', '회', '개최', '이번', '주제', '환경', '미래', '지구', '로', '사진', '지난해', '모습', '성동', '성동구', '구']"
50,C-Festival(씨페스티벌),"['희선', '기자', '5', '5월', '월', '축제', '서막', '씨', '씨페스티벌', '페스티벌', '성황리', '마무리', '삼성', '삼성동', '동', '무역', '무역센터', '센터', '코', '코엑스', '엑스', '일대', '5회차', '회', '차', '본', '행사', '단순', '소비', '청년', '스타트', '스타트업', '업', '기업', '참여', '2019', '을', '개최', '은', '대한', '대한민국', '민국', '최대', '민', '관', '관협업', '협업', '마이', '행사다', '공연', '우수', '3', '3개사', '개사', '스타', '러', '러스터', '스터', '위원회', '광장']"
51,자연휴양림휴문화한마당,"['산림청', '국립', '자연', '자연휴양림', '휴양림', '30', '30주년', '주년', '나무', '숲', '우리', '혜택', '체험', '수', '기념', '휴', '문화', '한마당', '교육', '어울림', '행사', '24', '26', '26일', '일', '3', '서울', '양재', '시민', '청장', '김', '김재현', '재현', '은', '국내', '최대', '축제', '휴문', '숲교육', '이', '0', '0행사', '올해', '진', '0축제', '잔치', '0이날', '이날', '가치', '0통합', '통합', '기한', '하나', '부상', '0전국', '전국']"
52,서울드럼페스티벌,"['기존', '서울', '서울드럼페스티벌', '드럼', '페스티벌', '5', '5월', '월', '봄', '과', '디', '디음악축제', '음악', '축제', '9', '10', '10월', '가을', '여름', '서울국악축제', '국악', '6', '6월', '한강', '뮤직', '뮤직페스티벌', '8', '8월', '서울뮤직페스티벌', '겨울', '서울클래식음악축제', '클래식', '11', '12', '12월', '11월']"
53,신촌뷰티페스티벌,"['뮤지컬', '물론', '연극과', '음악', '공연', '각종', '페스티', '곳곳', '행사', '방문', '수요', '미', '미용', '용', '학원', '올', '올댓', '댓', '뷰티', '아카데미', '강남', '촌', '대', '홍', '홍대', '대', '부산', '서면', '대구', '인천', '대전', '청', '홍대야', '대야', '남이섬', '이', '7', '7일', '일', '8', '8일', '3', '3주차', '주차', '레이', '레이지본', '지본', '핸', '핸섬', '섬', '언어', '정원', '타이', '타이거즈', '거즈', '남이섬어쿠스틱청춘', '어쿠스틱', '청춘', '사진', '사진제공', '제공', '남이섬교육문화그룹', '교육', '문화', '그룹', '오리엔탈', '오리엔탈쇼', '쇼', '브라스', '2', '2주차', '주말', '오리엔탈쇼커스', '커스', '0', '0두왑사운즈', '두왑', '사운', '즈', '0중국', '중국', '뮤지션', '하마', '0언어', '0블루파인', '블루', '파인', '0정흠밴드', '정', '흠', '밴드', '무대', '예정']"
54,커플런,"['티스', '티스테', '테', '2020', '2020년', '년', '2', '2월', '월', '8', '8일', '일', '방', '방콕', '콕', '홀딩', '홀딩핸즈런', '핸즈', '런', '커플', '단거리', '마라톤', '참여', '한국', '대표', '모집', '당첨', '태국', '현지', '행사', '커플런', '참가권', '항공권', '숙식', '등', '3', '3박', '박', '5', '5일', '여행', '비용', '내년', '진행', '2017', '2017년', '태국본사', '본사', '일반적', '3박5일', '전액', '달리기']"
55,압구정로데오힐링페스티벌,"['사진', '현대', '현대백화점', '백화점', '제공', '전국', '15', '15개', '개', '6', '6개', '아울렛', '추석', '연휴', '힐링', '페스티벌', '을', '압구정', '압구정로데오', '로데오', '역', '인근', '위치', '갤러리', '명품', '명품관', '관', '니스', '트렌드', '이탈리아', '하이', '하이엔트', '엔트', '경희', '창조', '미', '이하', '아카데미', '지원', '계기', '축제', '기획', '관심', '저', '힐', '힐링페스티벌', '링', '2017', '정', '정동야행', '동야', '행', '물', '물순환', '순환', '시민', '문화제', '등', '다양', '행사', '주최', '기획단', '16', '16일', '일', '강남', '강남구', '구', '정순', '정순균', '균', '구청장', '구민', '사랑', '쌀', '쌀나눔운동본부', '나눔', '운동', '본부', '김장', '2000', '2000포기', '포기', '솥', '도시락', '지역', '저소득', '기부', '한국', '한국폭력학대예방', '폭력', '학대', '예방', '협회', '의', '청소년', '콘서트', '10', '10월', '월', '1', '1일', '3', '3일', '거리', '일대', '강남', '패션', '페스티', '이', '올해', '10년', '년', '민', '민속', '속', '캠프', '황토', '황토마을', '마을', '횡', '횡성한우축제', '성한', '우', '2016', '대한', '대한민국', '민국', '대표', '최고', '한우', '한우축제', '행사기간', '기간', '서울', '서울특별', '서울특별시', '특별시', '시', '로데오거리', '2016.05', '06', '07', '은', '패션페스티벌', '거리예술공연', '예술', '공연', '놀이', '놀이체험부스', '체험', '부스', '경품', '11', '11일', '신사', '신사동', '동', '열린', '2015', '거리공연', '2015.12', '저작권자', '연합', '연합뉴스', '뉴스', '무단', '전재', '배포', '금지', '12', '강남구청', '구청', '후원', '12월', '금', '12일', '토', '양일', '간']"
56,땡큐페스티벌(ThankUFestival),[]
57,불꽃곰신페스티벌,"['한화', '한화그룹', '그룹', '남자', '남자친구', '친구', '군대', '여자', '여자친구', '불꽃', '곰', '곰신', '신', '고', '고무신', '무신', '페스티', '을', '개최', '군인', '외', '사회적', '귀감', '인물', '지원', '기업', '의인', '상', '제정', '밖', '재능', '재능기부', '기부', '군', '홍보물', '디자인', '개선', '불꽃곰신', '페스티벌', '문화', '분야', '노력', '전경련', '이용우', '사회', '사회본부장', '본부장', '우리', '롯데', '롯데백화점', '백화점', '호국', '호국안보', '안보', '전시', '전시전', '전', '군생활', '생활', '체험', '부스', '마련', '본', '기사', '월간', '경제', '경제풍월', '풍월', '제', '제207호', '207', '호', '2016', '2016년', '년', '11', '11월호', '월', '호', '6', '6월', '호국보훈', '보훈', '달', '18', '18일', '일', '서울', '이대', '이대역', '역', '앞', '라', '이벤트', '참가', '여성', '신발', '은', '간', '일', '이대앞', '국군', '국군장병', '장병', '가족', '연인', '오후', '6시', '시', '이화', '이화여대', '여대', '타', '계단', '대현', '대현문화공원', '공원']"
58,아트업페스티벌,"['이번', '페스티', '폐', '폐자원', '자원', '폐자재', '자재', '활용', '다양', '업', '업사이클', '사이클', '작품', '전시', '이', '이번', '번', '행사', '시티', '주제', '라이프', '아트', '시민', '시민참여프로그램', '참여', '프로그램', '등', '3', '3개', '개', '세부', '섹션', '구성', '미술관', '밤', '드로', '미술', '미술주간', '주간', '연계', '진행', '무료', '무료입장', '입장', '입장료', '할인', '출처', '2019', '포스터', '아트업', '마켓', '이외', '작가', '작가미술장터', '장터', '미술품', '하나', '방식', '독립', '독립예술', '예술', '조명', '점', '내', '마음', '서울', '공간', '예술공간', '관심', '분', '보는', '듯', '하다', '문화', '문화비축기지', '비축', '기지', '류', '내일', '24', '24일', '일', '29', '29일', '청계천', '청계', '청계광장', '광장', '광', '광통교', '통교', '일대', '개최', '꽃', '환상', '미술장터', '예술산책', '산책', '길', '부산', '랩', '아트페어', '페어', '그림', '그림도시', '도시', '폼', '369', '블라인드', '포스터전', '전', '더스트', '사우스', '사우스아트', '유니온', '연희', '연희동', '동']"
59,영등포여의도봄꽃축제,"['25', '25일', '일', '서울', '영등포', '구', '4', '4월', '월', '5', '5일', '11', '11일', '국회', '뒤편', '여의', '여의서로', '서로', '한강', '한강둔치', '둔치', '축구장', '일대', '저', '15', '15회', '회', '여의도', '봄꽃', '봄꽃축제', '축제', '이', '이번', '번', '꽃', '봄', '주제', '1.7', '휴일', '7', '7일', '열린', '2019', '시민', '윤', '윤중로', '중로', '만개', '벚꽃', '벚꽃길', '길', '오', '사진', '김', '석', '기자', '버스', '막차', '막차운행', '운행', '정보', '서울교통정보센터', '교통', '센터', '피스', '홈페이지', '120', '다산', '다산콜센터', '콜', '확인', '수', '도로', '도로통제', '통제', '상', '가능']"
60,어린이벼룩시장,"['올해', '2', '2회', '회', '동인', '낭만', '시장', '은', '콘서트', '등', '다양', '볼거리', '체험', '제공', '어린이', '들', '지역민', '참여', '벼룩시장', '80', '80여개', '여', '개', '팀', '참가', '의미', '이', '송', '개최', '낭만거리', '거리', '낭만랜드', '랜드', '과', '레트', '레트로', '로', '마켓', '날씨', '계룡', '계룡시', '시', '엄사', '엄사중앙', '중앙', '공원', '청소년', '열린', '가운데', '집', '물품', '사진', '계룡시청', '시청', '동아리', '장기', '장기자랑', '자랑', '간식', '간식먹거리', '먹거리', '판매', '판매부스', '부스']"
61,라이프플러스피크닉페스티벌,"['브랜드', '라이프', '라이프플러스', '플러스', '현대', '도시인', '도시', '삶', '주목', '이유', '때문', '벚꽃', '피크닉', '시네마', '시네마위크', '위크', '문화', '예술', '이벤트', '결합', '페스티', '이', '현재', '풍요', '수', '페스티벌', '4', '4월13일', '월', '13', '일', '14', '14일', '일', '개최', '지난해', '진행', '사', '사계절', '계절', '사진', '한화', '한화생명', '생명', '위', '리', '리오늘', '오늘', '신민', '신민호', '호', '기자', '2019', '을', '올해', '4회', '회', '피크닉페스티벌', '은', '4만', '만', '여', '여명이', '명이', '정도', '인기', '공연', '무료', '누구', '참여', '콘서트', '이외', '다양', '거리', '4만여명', '여', '명', '봄', '행사', '13일', '토', '유료', '유료공연', '관람', '티켓', '판매', '지난달', '21', '21일', '24', '티', '티몬을', '몬을', '통해', '일']"
62,서울자전거대행진,"['자전거', '대행진', '코스', '약', '20', '잠실', '잠실학생체육관', '학생', '체육관', '출발', '퍼레이드', '진행', '10', '동작대', '동작대교', '교', '교차로', '반환점', '도착', '27', '27일', '일', '서울', '시', '시교육청', '교육청', '은', '28', '28일', '후', '올림픽', '올림픽공원', '공원', '해산', '평화', '평화통일', '통일', '염원', '자전거대행진', '분단', '아픔', '극복', '개성', '개성공단', '공단', '활성화', '금강산', '평화적', '이용', '남북', '남북간', '간', '점진', '점진적인', '적인', '발전', '소통', '기원', '궁극적', '9', '9일', '오전', '종로', '종로구', '구', '광화문', '광화문광장', '광장', '열린', '참가자', '2019.06', '09']"
63,한강서래섬유채꽃축제,"['한강', '공원', '서래', '서래섬', '섬', '유채꽃', '만', '만개', '개', '나들이', '연일', '초여름', '날씨', '전국', '곳곳', '이곳', '봄', '꽃', '축제', '의', '화사', '분위기', '다양', '행사', '포크', '재즈', '장르', '음악', '서울시', '한강사업본부', '사업', '본부', '11', '12', '12일', '일', '반포', '강', '강공원', '일대', '2019', '개최', '10', '10일', '유채꽃밭', '밭', '기기', '테마', '포토', '포토존', '존', '주제', '구조물', '설치', '시민', '자작']"
64,필스너스프링페스트,"['하이네', '하이네켄', '켄', '19', '20', '20일', '일', '서울', '올림픽', '올림픽공원', '공원', '서울재즈페스티벌', '재즈', '페스티벌', '후원', '지난해', '코', '코엑스', '엑스', '필스', '스프링', '페스트', '필', '필스너우르', '스너', '우', '르', '켈', '규모', '내달', '16', '17', '17일', '너', '우르켈', '개최', '사진', '제공', '필스너', '19일', '삼성', '삼성동', '동', '동쪽', '광장', '맥주', '뉴', '뉴시스', '시스', '배우', '하석', '하석진이', '진이', '강남', '강남구', '구', '열린', '비어', '비어토크', '토크', '기념', '포토', '포토행사', '행사', '참석', '포즈', '진행', '3', '3일']"
65,서울디저트페어,"['맨', '맨온', '온', '분', '유니', '페어', '협업', '구두', '컬렉션', '신세계', '신세계인터내셔날', '인터내셔날', '자체', '남성', '편집', '편집숍맨온', '숍', '은', '대용', '디저트', '로', '수', '상품', '기존', '샌드위치', '토핑', '빵', '속', '형태', '손', '유명', '맛', '맛집들이', '집들이', '축제', '0', '서울', '서울디저트페어', '서', '서디페', '디', '페', '타이틀', '12', '월', '5', '일', '8', '일산', '텍스', '개최', '코리아', '크리스마스', '크리스마스페어', '2019', '참가', '이번', '현장', '현장수업', '수업', '각종', '제과', '커피', '주류', '원부', '원부재료', '재료', '서비스', '교육', '등', '제공', '국내', '최대', '서울디저트', '쇼', '한국', '한국호텔관광고', '호텔', '관', '광고', '조리', '학생', '국내외', '20', '할로윈', '시즌', '이색', '이색푸드', '푸드', '성황리', '종료', '이하', '19', '일-20', '-20', '주말', '주말동안', '동안', '저', '2', '전', '전시장', '시장', '진행']"
66,10초국제애니메이션페스티벌,"['10', '10초', '초', '국제', '애니메이션', '페스티벌', '등', '새', '시도', '스튜', '스튜디오쉘터', '디오', '쉘터', '연사', '참여', '마지막', '세션으로', '기획', '기획개발', '개발', '파트너십', '프로그램', '유망', '시간', '전', '수', '능력', '회사원', '강민혁', '반복', '목숨', '위험', '이', '은', '앞', '저', '19', '19회', '회', '서울', '만화', '애니메이션페스티벌', '처음', '처음공개', '공개', '장편', '부문', '최고상', '네이버', '네이버문화재단', '문화', '재단', '스테이지', '세종', '세종문화회관', '회관', '주최', '페스티', '세종뮤직위크', '뮤직', '위크', '인', '인디', '디', '카카오', '카카오키즈', '키즈', '국내외', '6', '6종', '종', '서비스', '국내', '터닝', '터닝메카드', '메', '카드', '시즌', '시즌1', '1', '강', '강민혁', '민', '혁', '자기', '아내', '아이', '자책감', '최고', '최고상인', '상인', '장편부문', '그랑프리', '수상', '완성도', '작품', '주연', '만', '매진', '2017', '홍', '홍기선', '기선', '특별전', '이태원', '살인', '살인사건', '사건', '위', '과', '그', '유작', '일급', '일급기밀', '기밀', '아래', '아시아', '최대', '규모', '미래', '꿈', '예측', '예지', '예지몽', '몽', '타임', '타임스토퍼', '스토퍼', '타임리와인더', '리', '와인더', '사랑', '감독']"
67,4.19혁명국민문화제,"['10', '10월', '월', '29', '29일', '일', '오전', '태안', '태안읍', '읍', '백화', '백화산', '산', '교장', '교장바위', '바위', '아래', '동학', '동학농민', '농민', '혁명', '군', '추모', '추모탑', '탑', '광장', '저', '29회', '회', '문화', '역사', '거대', '동아줄', '승화', '기미', '기미독립만세운동', '독립', '만세', '운동', '4.19', '4.19혁명', '부마', '부마항쟁', '항쟁', '5.18', '5.18광주민주화운동', '광주', '민주화', '6', '6월', '125', '125주년', '주년', '19', '19회', '충남', '태안', '태안군', '태안군의회', '군', '의회', '의장', '기면', '기면사', '사', '기념', '국민', '국민문화제', '문화제', '추모제', '마라톤', '마라톤대회', '대회', '등', '다양', '계기', '행사', '추진', '고', '공', '공윤선', '윤선', '기자', '엠', '엠빅뉴스', '빅', '뉴스', '손', '손흥민', '흥', '민', '선수', '영국', '신문', '강북', '강북소방서', '소방서', '서장', '장형', '장형순', '순', '18', '18일', '시민', '자유ㆍ민주ㆍ정의', '계승', '2019', '참여', '이날', '주택', '소방', '소방시설', '시설', '홍보', '자동', '자동제세동기', '제세', '동기', '사용법', '소화기', '활동', '도시', '생활성', '사업', '필요', '지역', '설명', '서울', '강북구청', '구청', '인근', '열린', '59', '59주년', '전야', '전야제', '제', '거리', '재현', '퍼레이드', '사진', '뉴', '뉴시스', '시스', '업', '업코리아', '코리아', '평가', '평가보고회장', '보고', '회장', '발언', '박', '박겸수', '겸', '수', '강북', '강북구', '강북구청장', '구', '청장', '왼쪽', '번째', '4', '19혁명', '의', '성과', '평가보고회', '보고회', '28', '28일', '개최', '역사문화관광', '관광', '정책', '사업비', '20', '20억4000만', '억', '4000', '만', '원', '60', '60주년', '근', '근현대사기념관', '현대사', '기념관', '운영', '3.1', '3.1독립운동', '독립운동', '재현행사', '완성도', '제고', '사용', '예정', '이', '지역경제', '경제', '공로자', '공로자회장', '민주', '혁명국민문화제', '위원회', '위원장', '역임', '2016', '2016년', '년', '2', '2월', '80', '80세', '세', '나이', '별세', '묘지', '안장', '문', '전', '대표', '자신', '고집', '동시', '자기', '의지']"
68,전통주와전통음식의만남축제,"['먹거리', '축제', '28', '28일', '일', '로컬', '로컬맛', '맛', '여행', '재발견', '29', '29일', '서울', '만남', '30', '30일', '일', '원', '원데이푸드트립', '데이', '푸드', '트립', '학교', '학교급식활성화', '급식', '활성화', '공동', '공동보고회', '보고회', '31', '31일', '전통', '전통음식', '음식', '교육', '11', '11월', '월', '2', '2일', '청년층', '식생활', '식생활개선', '개선', '프로그램', '시민', '민간', '민간행사', '행사', '2019', '소믈리에', '경북', '전통주', '의', '11월1일', '1', '3', '3일', '청송', '청송군', '군', '용전', '용전천변', '천변', '현비', '현비암', '암', '상주', '은자', '은자골', '골', '탁배기', '막걸리', '술', '김치', '된장', '우리', '고유', '발효', '최근', '개최', '초기', '소비자', '로', '시작', '현재', '수도권', '도', '마련', '과', '만들기', '체험', '수', '농기구', '등', '다양', '영양', '문화', '오', '10', '10일', '11일', '남산골', '한옥', '한옥마을', '마을', '2018', '한국', '식문화', '한국농어촌방송', '농어촌', '방송', '정', '정지혜기자', '지혜', '기자', '2017', '저', '10회', '회', '외국인', '전시', '참관', '11회', '식품', '홍보', '공간', '1층', '층', '갤러리', '전국', '8', '8도', '도', '생산', '오이', '오이소박이', '소박이', '갓김치', '부', '부각', '각', '쌀', '쌀엿강정', '엿강정', '을', '관련', '식품명인', '명인', '체험시간', '시간', '본', '시연', '시음', '시식', '공연', '경연', '경연대회', '대회', '볼거리', '먹을거리', '먹을거리등', '한국떡한과산업', '떡', '한과', '산업', '박람회', '겸', '기본', '사', '한국떡한과세계화', '세계화', '협회', '농축', '식품부와', '부와', '한국농수산유통공사', '농수산', '유통', '공사', '후원', '연구소', '주최', '주관', '중구', '소재', '5', '5월18일', '18', '이날', '19', '19일', '이틀간', '의미', '정월', '대보름', '귀밝이', '귀밝이술', '여름']"
69,한강물싸움축제,"['2018', '2018년', '년', '진행', '한강', '한강워터피크닉', '워터', '피크닉', '한강물', '한강물싸움축제', '싸움', '축제', '의', '모습', '제공', '서울시', '주말', '난지', '강', '강공원', '공원', '물총', '물총싸움', '워터슬라이드', '슬라이드', '체험', '등', '무더위', '줄', '워터피크닉', '이', '8', '8월', '월', '3', '3일', '일', '4', '4일', '오전', '서울', '마포', '마포구', '구', '2019', '초록색', '조끼', '악당', '무리', '시민', '퇴치']"
70,충무공이순신탄신기념행사,"['문화재', '문화재청', '청', '현충사', '현충사관리소', '관리소', '28', '28일', '일', '오전', '아산', '충무공', '이순신', '장군', '애국', '애국정신과', '정신과', '국난', '국난극복', '극복', '의지', '선양', '탄신', '저', '474', '474주년', '주년', '기념', '다례', '행사', '개최', '이날', '0', '0다례', '11', '11시', '시', '충남', '아산시', '시', '기념행사', '거행', '23', '23일', '초헌관', '현충사관리소장', '관리', '소장', '의', '분향', '헌작', '술잔', '올림']"
71,세종탄신기념문화행사,"['송시열', '송시열선생', '선생', '탄신', '412', '412주년', '주년', '기념', '우', '우향제', '향제', '전통', '문화', '문화행사', '행사', '동시', '암', '암송시열', '우리', '유성', '유성구', '구', '충청남', '충청남도', '도', '공주', '공주시', '시', '보령', '보령시', '논산', '논산시', '계룡', '계룡시', '시', '부여', '부여군', '군', '서천', '서천군', '금산', '금산군', '세종', '시민', '시민기자단', '기자단', '재청', '궁', '궁능유적본부', '능', '유적', '본부', '대왕', '대왕유적관리소', '관리소', '내일', '15', '15일', '일', '오전', '11', '11시', '시', '경기', '경기도', '도', '여주', '영릉', '622', '숭모', '숭모제전', '제전', '을', '봉행', '역', '역사상', '사상', '성군', '사진', '지난해', '진행', '모습', '경복궁', '경복궁관리소', '초등학생', '대상', '일', '5', '5월', '월', '11일', '12', '12일', '토', '일요일', '초등학교', '1', '3', '3학년', '학년', '한글날', '10', '10월', '5일', '22', '28', '전국', '2052', '2052개', '개', '국민', '예정', '4', '4월', '도서관', '주간', '세계', '책의', '충무공', '474', '474주년', '군악', '연주', '해군', '뮤지컬', '나', '수', '2019', '2019년', '년', '대한', '대한민국', '민국', '2,052', '2,052개', '호국']"
72,희망의운동화나눔축제,"['희망', '운동화', '나눔', '나눔축제', '축제', '평화', '이미지', '해외', '빈곤', '청소년', '전달', '전', '세계적', '운동', '서울시', '2007', '2007년', '년', '내전', '후유증', '고통', '우간다', '소년병', '5000', '5000켤레', '켤레', '그림', '메시지', '2000', '2000켤레', '라오스', '아이', '2019', '8', '8일', '일', '광화문', '광화문광장', '광장', '개최', '2018', '2018년', '댐', '붕괴', '붕괴사고', '사고', '2019년', '홍수', '피해', '등', '올해', '13', '13주년', '주년', '9', '9일', '양일간', '수해', '어린이', '아픔']"
73,빗물축제,"['이번', '박람회', '주제', '내가', '그린', '건강', '세상', '소비', '축제', '페스티', '페스티벌', '벌', '국민', '개인', '주체적', '환경', '환경형', '형', '사회적', '사회적경제기업', '경제', '기업', '공동', '참여', '다육', '관', '관엽식물', '엽', '식물', '화분', '골판지', '원료', '장난감', '우산', '빗물', '저', '18', '18호', '호', '태풍', '미', '의', '영향', '3', '3일', '일', '오전', '강원', '강릉', '강릉시', '시', '아이스', '아레나', '이', '관계자', '배수', '작업', '이곳', '이날', '강릉커피', '커피', '진행', '예정', '2019.10', '태', '풍', '대', '대토론', '토론', '실시', '학생', '온라인', '제출', '환경문제', '문제', '우리', '가정', '실천', '환경보호', '보호', '활동', '거리', '난방기', '사용', '커튼', '활용', '가족', '19', '19일', '51', '51개', '개', '유아', '유아숲체험원', '숲', '체험', '원', '동시', '개최', '18일', '남산', '남산공원', '공원', '종로', '종로구', '구', '햇님', '햇님달님', '달님', '놀이', '모습', '사진', '서울시', '유아숲', '위치', '자료', '홍연', '기자', '말', '일산', '일산호수공원', '호수', '사람', '사랑', '시대', '제도', '속', '고양', '고양국제꽃박람회', '국제', '꽃', '가을꽃', '호수꽃빛', '빛', '등', '국내', '세계적', '명소', '동해안', '300', '300㎜', '㎜', '집중', '호우', '장', '강릉아레나', '외부', '을']"
74,남산골한옥마을세시맞이오(五)대감설날잔치,[]
75,종묘대제,"['권의', '책', '10', '10월1일', '월', '1', '일', '11', '11월15일', '15', '일', '0', '창경궁', '가을', '가을길', '길', '10월31일', '31', '11월10일', '목', '금', '토', '일', '덕수궁', '석조전', '특별전', '대한', '대한제국', '제국', '황제', '식탁', '9', '9월21일', '21', '11월24일', '24', '종묘', '추향', '대제', '11월', '2', '2일', '등', '중기', '중기이코노미', '이코노미', '세계', '세계문화유산인', '문화', '유산인', '사직', '환', '환구', '구', '왕릉', '왕릉제향', '제향', '전수', '전수자로', '자로', '진행', '2019', '2019가을', '종묘대제', '세', '세종대왕실', '종대', '왕실', '대축', '대축관', '관', '봉', '봉무', '무', '조선', '조선왕실', '문화위원', '위원', '여주', '영', '영릉', '릉', '세종', '세종대왕릉', '대왕릉', '세종대왕', '대왕', '국무총리', '국무총리상은', '상은', '태극', '태극무늬', '무늬', '4', '4괘', '괘', '현대적', '해석', '재구성', '태극구성', '구성', '의', '최', '최우영', '우영', '씨', '일반부', '특징', '시각적', '안해', '학생', '대', '대학생부', '부', '제사', '사', '신라', '신라오릉보존', '오', '보존', '회', '이사장', '박', '박낙규', '낙', '규', '주관', '이날', '초헌관', '박석', '박석남', '남', '우진', '우진사료공업', '사료', '공업', '회장', '아헌관', '박재', '박재순', '순', '광주', '광주전남발전', '전', '남발', '협의회', '추모제', '국가', '국가무형문화재', '무형', '문화재', '제', '제1호', '호', '종묘제례악', '제례악', '전수교육조교', '교육', '조교', '김', '김영숙', '영숙', '박사', '자문', '사직대제', '환구대제', '국가제례', '제례', '제관', '이상', '이상훈', '훈', '종묘제례보존회', '전례', '전례차장', '차장', '의례', '지도', '창', '창근', '근']"
